MarkerName,Genotype,GBS_RADSeq
snpSS00055,S2,0.8
snpSS00055,S29,0.4
snpSS00055,S45,0.7
snpSS00055,S79,0.6
snpSS00055,S96,0.8
snpSS00055,S111,0.3
snpSS00055,S153,0.8
snpSS00055,S30,0.8
snpSS00055,S46,0.4
snpSS00055,S98,0.5
snpSS00055,S112,0
snpSS00055,S137,0.2
snpSS00055,S172,0.4
snpSS00055,S4,0.5
snpSS00055,S31,0.5
snpSS00055,S48,1
snpSS00055,S115,1
snpSS00055,S139,0.6
snpSS00055,S5,1
snpSS00055,S34,0.4
snpSS00055,S49,0.4
snpSS00055,S102,0.5
snpSS00055,S116,0
snpSS00055,S143,0.6
snpSS00055,S36,0.5
snpSS00055,S53,0
snpSS00055,S103,0.8
snpSS00055,S119,0.4
snpSS00055,S145,0
snpSS00055,S38,0.6
snpSS00055,S61,0.4
snpSS00055,S104,1
snpSS00055,S122,0.4
snpSS00055,S146,0.5
snpSS00055,S207,0.1
snpSS00055,S23,0.4
snpSS00055,S40,0.7
snpSS00055,S68,0.7
snpSS00055,S90,0.7
snpSS00055,S106,0.5
snpSS00055,S129,0
snpSS00055,S150,0
snpSS00055,S28,1
snpSS00055,S43,0.5
snpSS00055,S73,0.4
snpSS00055,S93,0
snpSS00055,S110,0.1
snpSS00055,S130,0.6
snpSS00055,S151,0.5
snpSS00055,S215,1
snpSS00055,S29,0.4
snpSS00061,S2,1
snpSS00061,S29,1
snpSS00061,S45,1
snpSS00061,S79,1
snpSS00061,S96,0.9
snpSS00061,S111,0.8
snpSS00061,S153,0.9
snpSS00061,S30,1
snpSS00061,S46,0.9
snpSS00061,S98,0.8
snpSS00061,S112,1
snpSS00061,S137,0.9
snpSS00061,S172,0.8
snpSS00061,S4,0.8
snpSS00061,S31,0.9
snpSS00061,S48,1
snpSS00061,S99,1
snpSS00061,S115,1
snpSS00061,S139,0.9
snpSS00061,S5,0.8
snpSS00061,S34,0.8
snpSS00061,S49,1
snpSS00061,S102,0.8
snpSS00061,S116,0.7
snpSS00061,S143,1
snpSS00061,S36,0.9
snpSS00061,S53,0.9
snpSS00061,S103,1
snpSS00061,S119,0.8
snpSS00061,S145,0.6
snpSS00061,S38,1
snpSS00061,S61,0.9
snpSS00061,S104,0.7
snpSS00061,S122,1
snpSS00061,S146,0.7
snpSS00061,S207,0.6
snpSS00061,S23,0.9
snpSS00061,S40,1
snpSS00061,S68,0.9
snpSS00061,S90,0.7
snpSS00061,S106,0.8
snpSS00061,S129,0.7
snpSS00061,S150,1
snpSS00061,S28,0.9
snpSS00061,S43,0.7
snpSS00061,S73,0.8
snpSS00061,S93,0.7
snpSS00061,S110,1
snpSS00061,S130,0.7
snpSS00061,S151,0.9
snpSS00061,S215,0.7
snpSS00061,S29,1
snpSS00060,S2,1
snpSS00147,S2,1
snpSS00060,S29,1
snpSS00147,S29,1
snpSS00060,S45,1
snpSS00147,S45,1
snpSS00060,S79,0.8
snpSS00147,S79,0.8
snpSS00060,S96,1
snpSS00147,S96,1
snpSS00060,S111,0.9
snpSS00147,S111,0.9
snpSS00060,S132,0.3
snpSS00147,S132,0.3
snpSS00060,S153,0.9
snpSS00147,S153,0.9
snpSS00060,S3,0
snpSS00147,S3,0
snpSS00060,S30,1
snpSS00147,S30,1
snpSS00060,S46,1
snpSS00147,S46,1
snpSS00060,S98,1
snpSS00147,S98,1
snpSS00060,S112,1
snpSS00147,S112,1
snpSS00060,S137,0.9
snpSS00147,S137,0.9
snpSS00060,S172,0.9
snpSS00147,S172,0.9
snpSS00060,S4,1
snpSS00147,S4,1
snpSS00060,S31,1
snpSS00147,S31,1
snpSS00060,S48,0.9
snpSS00147,S48,0.9
snpSS00060,S99,0.9
snpSS00147,S99,0.9
snpSS00060,S115,0.9
snpSS00147,S115,0.9
snpSS00060,S139,1
snpSS00147,S139,1
snpSS00060,S5,1
snpSS00147,S5,1
snpSS00060,S34,1
snpSS00147,S34,1
snpSS00060,S49,1
snpSS00147,S49,1
snpSS00060,S102,1
snpSS00147,S102,1
snpSS00060,S116,0.8
snpSS00147,S116,0.8
snpSS00060,S143,1
snpSS00147,S143,1
snpSS00060,S36,1
snpSS00147,S36,1
snpSS00060,S53,0.8
snpSS00147,S53,0.8
snpSS00060,S103,1
snpSS00147,S103,1
snpSS00060,S119,0.9
snpSS00147,S119,0.9
snpSS00060,S145,0.9
snpSS00147,S145,0.9
snpSS00060,S38,1
snpSS00147,S38,1
snpSS00060,S61,0.9
snpSS00147,S61,0.9
snpSS00060,S104,0.9
snpSS00147,S104,0.9
snpSS00060,S122,1
snpSS00147,S122,1
snpSS00060,S146,0.7
snpSS00147,S146,0.7
snpSS00060,S207,1
snpSS00147,S207,1
snpSS00060,S23,1
snpSS00147,S23,1
snpSS00060,S40,1
snpSS00147,S40,1
snpSS00060,S68,0.9
snpSS00147,S68,0.9
snpSS00060,S90,1
snpSS00147,S90,1
snpSS00060,S106,0.9
snpSS00147,S106,0.9
snpSS00060,S129,0.9
snpSS00147,S129,0.9
snpSS00060,S150,1
snpSS00147,S150,1
snpSS00060,S28,0.9
snpSS00147,S28,0.9
snpSS00060,S43,1
snpSS00147,S43,1
snpSS00060,S73,0.9
snpSS00147,S73,0.9
snpSS00060,S93,0.7
snpSS00147,S93,0.7
snpSS00060,S110,1
snpSS00147,S110,1
snpSS00060,S130,1
snpSS00147,S130,1
snpSS00060,S151,0.8
snpSS00147,S151,0.8
snpSS00060,S215,0.9
snpSS00147,S215,0.9
snpSS00060,S29,1
snpSS00147,S29,1
snpSS00054,S2,0.8
snpSS00054,S29,0.1
snpSS00054,S45,0.5
snpSS00054,S79,0.2
snpSS00054,S96,0.4
snpSS00054,S111,0.6
snpSS00054,S153,0.6
snpSS00054,S30,0.1
snpSS00054,S46,0.3
snpSS00054,S98,0.2
snpSS00054,S112,0.2
snpSS00054,S137,0.2
snpSS00054,S172,0.3
snpSS00054,S4,0.3
snpSS00054,S31,0.3
snpSS00054,S48,0.1
snpSS00054,S99,0.3
snpSS00054,S115,0.2
snpSS00054,S139,0.6
snpSS00054,S5,0.3
snpSS00054,S34,0.1
snpSS00054,S49,0.2
snpSS00054,S102,0.5
snpSS00054,S116,0
snpSS00054,S143,0.4
snpSS00054,S36,0.3
snpSS00054,S53,0.2
snpSS00054,S103,0.6
snpSS00054,S119,0.2
snpSS00054,S145,0.1
snpSS00054,S38,0.3
snpSS00054,S61,0.2
snpSS00054,S104,0.5
snpSS00054,S122,0.4
snpSS00054,S146,0.3
snpSS00054,S207,0.3
snpSS00054,S23,0
snpSS00054,S40,0.3
snpSS00054,S68,0.4
snpSS00054,S90,0.2
snpSS00054,S106,0.5
snpSS00054,S129,0.2
snpSS00054,S150,0.2
snpSS00054,S28,0.3
snpSS00054,S43,0.1
snpSS00054,S73,0.4
snpSS00054,S93,0.4
snpSS00054,S110,0.5
snpSS00054,S130,0.2
snpSS00054,S151,0.5
snpSS00054,S215,0.5
snpSS00054,S29,0.1
snpSS00127,S2,1
snpSS00129,S2,1
snpSS00180,S2,1
snpSS00127,S29,0.4
snpSS00129,S29,0.4
snpSS00180,S29,0.4
snpSS00127,S45,0.7
snpSS00129,S45,0.7
snpSS00180,S45,0.7
snpSS00127,S79,0.5
snpSS00129,S79,0.5
snpSS00180,S79,0.5
snpSS00127,S96,0.5
snpSS00129,S96,0.5
snpSS00180,S96,0.5
snpSS00127,S111,1
snpSS00129,S111,1
snpSS00180,S111,1
snpSS00127,S132,1
snpSS00129,S132,1
snpSS00180,S132,1
snpSS00127,S153,0.3
snpSS00129,S153,0.3
snpSS00180,S153,0.3
snpSS00127,S3,1
snpSS00129,S3,1
snpSS00180,S3,1
snpSS00127,S30,0.5
snpSS00129,S30,0.5
snpSS00180,S30,0.5
snpSS00127,S46,0.6
snpSS00129,S46,0.6
snpSS00180,S46,0.6
snpSS00127,S98,0.7
snpSS00129,S98,0.7
snpSS00180,S98,0.7
snpSS00127,S112,0.4
snpSS00129,S112,0.4
snpSS00180,S112,0.4
snpSS00127,S137,0.3
snpSS00129,S137,0.3
snpSS00180,S137,0.3
snpSS00127,S172,0.5
snpSS00129,S172,0.5
snpSS00180,S172,0.5
snpSS00127,S4,0.6
snpSS00129,S4,0.6
snpSS00180,S4,0.6
snpSS00127,S31,0.4
snpSS00129,S31,0.4
snpSS00180,S31,0.4
snpSS00127,S48,0.6
snpSS00129,S48,0.6
snpSS00180,S48,0.6
snpSS00127,S99,0.9
snpSS00129,S99,0.9
snpSS00180,S99,0.9
snpSS00127,S115,0.5
snpSS00129,S115,0.5
snpSS00180,S115,0.5
snpSS00127,S139,0.7
snpSS00129,S139,0.7
snpSS00180,S139,0.7
snpSS00127,S5,0.4
snpSS00129,S5,0.4
snpSS00180,S5,0.4
snpSS00127,S34,0.9
snpSS00129,S34,0.9
snpSS00180,S34,0.9
snpSS00127,S49,0.4
snpSS00129,S49,0.4
snpSS00180,S49,0.4
snpSS00127,S102,0.7
snpSS00129,S102,0.7
snpSS00180,S102,0.7
snpSS00127,S116,0.6
snpSS00129,S116,0.6
snpSS00180,S116,0.6
snpSS00127,S143,0.7
snpSS00129,S143,0.7
snpSS00180,S143,0.7
snpSS00127,S36,0.5
snpSS00129,S36,0.5
snpSS00180,S36,0.5
snpSS00127,S53,0.4
snpSS00129,S53,0.4
snpSS00180,S53,0.4
snpSS00127,S103,0.8
snpSS00129,S103,0.8
snpSS00180,S103,0.8
snpSS00127,S119,0.5
snpSS00129,S119,0.5
snpSS00180,S119,0.5
snpSS00127,S145,0.2
snpSS00129,S145,0.2
snpSS00180,S145,0.2
snpSS00127,S38,0.2
snpSS00129,S38,0.2
snpSS00180,S38,0.2
snpSS00127,S61,0.4
snpSS00129,S61,0.4
snpSS00180,S61,0.4
snpSS00127,S104,0.5
snpSS00129,S104,0.5
snpSS00180,S104,0.5
snpSS00127,S122,0.5
snpSS00129,S122,0.5
snpSS00180,S122,0.5
snpSS00127,S146,0.3
snpSS00129,S146,0.3
snpSS00180,S146,0.3
snpSS00127,S207,0.4
snpSS00129,S207,0.4
snpSS00180,S207,0.4
snpSS00127,S23,0.7
snpSS00129,S23,0.7
snpSS00180,S23,0.7
snpSS00127,S40,0.5
snpSS00129,S40,0.5
snpSS00180,S40,0.5
snpSS00127,S68,0.6
snpSS00129,S68,0.6
snpSS00180,S68,0.6
snpSS00127,S90,0.6
snpSS00129,S90,0.6
snpSS00180,S90,0.6
snpSS00127,S106,0.6
snpSS00129,S106,0.6
snpSS00180,S106,0.6
snpSS00127,S129,0.6
snpSS00129,S129,0.6
snpSS00180,S129,0.6
snpSS00127,S150,0.8
snpSS00129,S150,0.8
snpSS00180,S150,0.8
snpSS00127,S28,0.7
snpSS00129,S28,0.7
snpSS00180,S28,0.7
snpSS00127,S43,0.5
snpSS00129,S43,0.5
snpSS00180,S43,0.5
snpSS00127,S73,0.7
snpSS00129,S73,0.7
snpSS00180,S73,0.7
snpSS00127,S93,0.4
snpSS00129,S93,0.4
snpSS00180,S93,0.4
snpSS00127,S110,0.8
snpSS00129,S110,0.8
snpSS00180,S110,0.8
snpSS00127,S130,0.7
snpSS00129,S130,0.7
snpSS00180,S130,0.7
snpSS00127,S151,0.3
snpSS00129,S151,0.3
snpSS00180,S151,0.3
snpSS00127,S215,0.8
snpSS00129,S215,0.8
snpSS00180,S215,0.8
snpSS00127,S29,0.4
snpSS00129,S29,0.4
snpSS00180,S29,0.4
snpSS00057,S2,1
snpSS00057,S29,0.9
snpSS00057,S45,1
snpSS00057,S79,0.8
snpSS00057,S96,1
snpSS00057,S111,1
snpSS00057,S132,1
snpSS00057,S153,1
snpSS00057,S3,1
snpSS00057,S30,0.8
snpSS00057,S46,0.9
snpSS00057,S98,1
snpSS00057,S112,0.9
snpSS00057,S137,0.8
snpSS00057,S172,0.9
snpSS00057,S4,0.9
snpSS00057,S31,0.6
snpSS00057,S48,0.9
snpSS00057,S99,1
snpSS00057,S115,1
snpSS00057,S139,1
snpSS00057,S5,0.9
snpSS00057,S34,1
snpSS00057,S49,0.8
snpSS00057,S102,1
snpSS00057,S116,0.9
snpSS00057,S143,0.9
snpSS00057,S36,1
snpSS00057,S53,0.8
snpSS00057,S103,1
snpSS00057,S119,1
snpSS00057,S145,0.8
snpSS00057,S38,0.9
snpSS00057,S61,0.8
snpSS00057,S104,1
snpSS00057,S122,0.9
snpSS00057,S146,1
snpSS00057,S207,0.8
snpSS00057,S23,0.9
snpSS00057,S40,0.9
snpSS00057,S68,0.8
snpSS00057,S90,0.9
snpSS00057,S106,0.9
snpSS00057,S129,1
snpSS00057,S150,1
snpSS00057,S28,1
snpSS00057,S43,1
snpSS00057,S73,0.9
snpSS00057,S93,0.8
snpSS00057,S110,1
snpSS00057,S130,0.9
snpSS00057,S151,1
snpSS00057,S215,0.9
snpSS00057,S29,0.9
snpSS00063,S2,1
snpSS00063,S29,0.8
snpSS00063,S45,0.9
snpSS00063,S79,1
snpSS00063,S96,0.9
snpSS00063,S111,0.9
snpSS00063,S132,0.7
snpSS00063,S153,0.9
snpSS00063,S3,1
snpSS00063,S30,1
snpSS00063,S46,1
snpSS00063,S98,1
snpSS00063,S112,0.7
snpSS00063,S137,0.8
snpSS00063,S172,1
snpSS00063,S4,0.8
snpSS00063,S31,1
snpSS00063,S48,0.9
snpSS00063,S99,1
snpSS00063,S115,0.7
snpSS00063,S139,1
snpSS00063,S5,1
snpSS00063,S34,1
snpSS00063,S49,0.9
snpSS00063,S102,0.9
snpSS00063,S116,0.9
snpSS00063,S143,0.9
snpSS00063,S36,0.9
snpSS00063,S53,1
snpSS00063,S103,1
snpSS00063,S119,0.9
snpSS00063,S145,1
snpSS00063,S38,0.8
snpSS00063,S61,0.9
snpSS00063,S104,1
snpSS00063,S122,0.7
snpSS00063,S146,0.9
snpSS00063,S207,0.9
snpSS00063,S23,0.8
snpSS00063,S40,0.9
snpSS00063,S68,0.9
snpSS00063,S90,1
snpSS00063,S106,0.6
snpSS00063,S129,1
snpSS00063,S150,0.9
snpSS00063,S28,0.9
snpSS00063,S43,1
snpSS00063,S73,1
snpSS00063,S93,0.8
snpSS00063,S110,0.9
snpSS00063,S130,0.9
snpSS00063,S151,0.9
snpSS00063,S215,0.8
snpSS00063,S29,0.8
snpSS00056,S2,1
snpSS00056,S29,0.8
snpSS00056,S45,0.9
snpSS00056,S79,0.9
snpSS00056,S96,1
snpSS00056,S111,1
snpSS00056,S132,0.8
snpSS00056,S153,0.8
snpSS00056,S3,0.3
snpSS00056,S30,0.8
snpSS00056,S46,1
snpSS00056,S98,1
snpSS00056,S112,0.9
snpSS00056,S137,1
snpSS00056,S172,1
snpSS00056,S4,0.9
snpSS00056,S31,1
snpSS00056,S48,1
snpSS00056,S99,0.8
snpSS00056,S115,0.8
snpSS00056,S139,1
snpSS00056,S5,1
snpSS00056,S34,0.9
snpSS00056,S49,0.9
snpSS00056,S102,1
snpSS00056,S116,1
snpSS00056,S143,1
snpSS00056,S36,0.9
snpSS00056,S53,1
snpSS00056,S103,1
snpSS00056,S119,0.9
snpSS00056,S145,0.9
snpSS00056,S38,0.9
snpSS00056,S61,0.7
snpSS00056,S104,1
snpSS00056,S122,0.9
snpSS00056,S146,0.8
snpSS00056,S207,0.9
snpSS00056,S23,1
snpSS00056,S40,1
snpSS00056,S68,1
snpSS00056,S90,1
snpSS00056,S106,1
snpSS00056,S129,0.9
snpSS00056,S150,0.7
snpSS00056,S28,0.9
snpSS00056,S43,1
snpSS00056,S73,0.9
snpSS00056,S93,1
snpSS00056,S110,1
snpSS00056,S130,1
snpSS00056,S215,0.6
snpSS00056,S29,0.8
snpSS00164,S2,1
snpSS00164,S29,1
snpSS00164,S45,1
snpSS00164,S79,1
snpSS00164,S96,0.5
snpSS00164,S111,0.6
snpSS00164,S153,0.8
snpSS00164,S30,1
snpSS00164,S46,0.9
snpSS00164,S112,0.6
snpSS00164,S137,1
snpSS00164,S172,1
snpSS00164,S4,0.4
snpSS00164,S31,0.6
snpSS00164,S48,1
snpSS00164,S99,1
snpSS00164,S115,0.6
snpSS00164,S139,1
snpSS00164,S5,1
snpSS00164,S34,0.7
snpSS00164,S49,1
snpSS00164,S102,0.9
snpSS00164,S116,0.9
snpSS00164,S143,1
snpSS00164,S36,0.8
snpSS00164,S53,1
snpSS00164,S103,0.9
snpSS00164,S119,1
snpSS00164,S145,1
snpSS00164,S38,1
snpSS00164,S61,1
snpSS00164,S104,1
snpSS00164,S122,1
snpSS00164,S146,1
snpSS00164,S207,1
snpSS00164,S23,1
snpSS00164,S40,0.7
snpSS00164,S68,0.9
snpSS00164,S90,1
snpSS00164,S106,0.4
snpSS00164,S129,1
snpSS00164,S150,0.8
snpSS00164,S28,0.9
snpSS00164,S43,0.8
snpSS00164,S73,1
snpSS00164,S110,0.9
snpSS00164,S130,1
snpSS00164,S151,0.7
snpSS00164,S215,1
snpSS00164,S29,1
snpSS00178,S2,0.9
snpSS00178,S29,0.7
snpSS00178,S45,0.6
snpSS00178,S79,0.5
snpSS00178,S96,0.6
snpSS00178,S111,0.8
snpSS00178,S153,0.6
snpSS00178,S30,0.8
snpSS00178,S46,0.6
snpSS00178,S98,0.7
snpSS00178,S112,0.8
snpSS00178,S137,0.7
snpSS00178,S172,0.6
snpSS00178,S4,0.5
snpSS00178,S31,0.6
snpSS00178,S48,0.7
snpSS00178,S99,0.8
snpSS00178,S115,0.3
snpSS00178,S139,0.6
snpSS00178,S5,0.5
snpSS00178,S34,0.3
snpSS00178,S49,0.7
snpSS00178,S102,0.5
snpSS00178,S116,0.7
snpSS00178,S143,1
snpSS00178,S36,0.6
snpSS00178,S53,0.7
snpSS00178,S103,0.6
snpSS00178,S119,0.4
snpSS00178,S145,0.4
snpSS00178,S38,0.5
snpSS00178,S61,0.6
snpSS00178,S104,0.7
snpSS00178,S122,0.6
snpSS00178,S146,0.2
snpSS00178,S207,0.6
snpSS00178,S23,0.6
snpSS00178,S40,0.5
snpSS00178,S68,0.7
snpSS00178,S90,0.8
snpSS00178,S106,0.8
snpSS00178,S129,0.6
snpSS00178,S150,0.5
snpSS00178,S28,0.7
snpSS00178,S43,0.5
snpSS00178,S73,0.7
snpSS00178,S93,0.6
snpSS00178,S110,0.7
snpSS00178,S130,0.9
snpSS00178,S151,0.4
snpSS00178,S215,0.6
snpSS00178,S29,0.7
snpSS00173,S2,1
snpSS00173,S29,0.1
snpSS00173,S45,0.6
snpSS00173,S79,0.7
snpSS00173,S96,0.7
snpSS00173,S111,1
snpSS00173,S153,0.8
snpSS00173,S30,0.6
snpSS00173,S46,0.6
snpSS00173,S98,0.6
snpSS00173,S112,0.1
snpSS00173,S137,0.6
snpSS00173,S172,0.9
snpSS00173,S4,0.4
snpSS00173,S31,0.4
snpSS00173,S48,0.7
snpSS00173,S99,0.7
snpSS00173,S115,0.5
snpSS00173,S139,0.5
snpSS00173,S5,0.8
snpSS00173,S34,0.9
snpSS00173,S49,0.5
snpSS00173,S102,0.5
snpSS00173,S116,0.6
snpSS00173,S143,0.8
snpSS00173,S36,0.9
snpSS00173,S53,0.5
snpSS00173,S103,0.8
snpSS00173,S119,0.4
snpSS00173,S145,0.6
snpSS00173,S38,0.7
snpSS00173,S61,0.9
snpSS00173,S104,0.8
snpSS00173,S122,0.9
snpSS00173,S146,0.5
snpSS00173,S207,0.6
snpSS00173,S23,0.6
snpSS00173,S40,0.7
snpSS00173,S68,0.5
snpSS00173,S90,0.7
snpSS00173,S106,1
snpSS00173,S129,0.5
snpSS00173,S28,0.5
snpSS00173,S43,0.6
snpSS00173,S73,0.7
snpSS00173,S93,0.6
snpSS00173,S110,1
snpSS00173,S130,0.4
snpSS00173,S151,0.7
snpSS00173,S215,0.3
snpSS00173,S29,0.1
snpSS00059,S2,0.6
snpSS00059,S29,0.5
snpSS00059,S45,0.5
snpSS00059,S79,0.6
snpSS00059,S96,0.7
snpSS00059,S111,0.8
snpSS00059,S132,1
snpSS00059,S153,0.5
snpSS00059,S3,1
snpSS00059,S30,0.7
snpSS00059,S46,0.7
snpSS00059,S98,0.5
snpSS00059,S112,0.6
snpSS00059,S137,0.7
snpSS00059,S172,0.5
snpSS00059,S4,0.7
snpSS00059,S31,0.7
snpSS00059,S48,0.6
snpSS00059,S99,0.8
snpSS00059,S115,0.5
snpSS00059,S139,1
snpSS00059,S5,0.8
snpSS00059,S34,0.5
snpSS00059,S49,0.8
snpSS00059,S102,0.6
snpSS00059,S116,0.6
snpSS00059,S143,0.6
snpSS00059,S36,0.7
snpSS00059,S53,0.8
snpSS00059,S103,0.8
snpSS00059,S119,0.7
snpSS00059,S145,0.8
snpSS00059,S38,0.7
snpSS00059,S61,0.6
snpSS00059,S104,0.4
snpSS00059,S122,0.8
snpSS00059,S146,0.7
snpSS00059,S207,0.6
snpSS00059,S23,0.4
snpSS00059,S40,0.4
snpSS00059,S68,0.3
snpSS00059,S90,0.6
snpSS00059,S106,0.9
snpSS00059,S129,0.7
snpSS00059,S150,0.7
snpSS00059,S28,0.2
snpSS00059,S43,0.6
snpSS00059,S73,0.4
snpSS00059,S93,0.7
snpSS00059,S110,0.7
snpSS00059,S130,0.7
snpSS00059,S151,0.7
snpSS00059,S215,0.9
snpSS00059,S29,0.5
snpSS00058,S2,0.9
snpSS00058,S29,0.3
snpSS00058,S45,0.6
snpSS00058,S79,0.7
snpSS00058,S96,0.3
snpSS00058,S111,0.7
snpSS00058,S132,0
snpSS00058,S153,0.5
snpSS00058,S3,0
snpSS00058,S30,0.6
snpSS00058,S46,0.4
snpSS00058,S98,0.8
snpSS00058,S112,0.4
snpSS00058,S137,0.5
snpSS00058,S172,0.7
snpSS00058,S4,0.6
snpSS00058,S31,0.4
snpSS00058,S48,0.4
snpSS00058,S99,0.4
snpSS00058,S115,0.6
snpSS00058,S139,0.5
snpSS00058,S5,0.8
snpSS00058,S34,0.6
snpSS00058,S49,0.8
snpSS00058,S102,0.7
snpSS00058,S116,0.3
snpSS00058,S143,0.6
snpSS00058,S36,0.4
snpSS00058,S53,0.6
snpSS00058,S103,0.9
snpSS00058,S119,0.7
snpSS00058,S145,0.6
snpSS00058,S38,0.4
snpSS00058,S61,0.6
snpSS00058,S104,0.7
snpSS00058,S122,0.7
snpSS00058,S146,0.5
snpSS00058,S207,0.2
snpSS00058,S23,0.5
snpSS00058,S40,0.5
snpSS00058,S68,0.5
snpSS00058,S90,0.5
snpSS00058,S106,0.6
snpSS00058,S129,0.8
snpSS00058,S150,0.7
snpSS00058,S28,0.5
snpSS00058,S43,0.2
snpSS00058,S73,0.1
snpSS00058,S93,0.7
snpSS00058,S110,0.7
snpSS00058,S130,0.6
snpSS00058,S151,0.3
snpSS00058,S215,0.5
snpSS00058,S29,0.3
snpSS00181,S2,0.8
snpSS00181,S29,0.5
snpSS00181,S45,0.5
snpSS00181,S79,0.5
snpSS00181,S96,0.6
snpSS00181,S111,0.4
snpSS00181,S132,0.5
snpSS00181,S153,0.7
snpSS00181,S30,0.6
snpSS00181,S46,0.6
snpSS00181,S98,0.6
snpSS00181,S112,0.2
snpSS00181,S137,0.5
snpSS00181,S172,0.6
snpSS00181,S4,0.6
snpSS00181,S31,0.7
snpSS00181,S48,0.5
snpSS00181,S99,0.6
snpSS00181,S115,0.6
snpSS00181,S139,1
snpSS00181,S5,0.4
snpSS00181,S34,0.6
snpSS00181,S49,0.5
snpSS00181,S102,0.4
snpSS00181,S116,0.3
snpSS00181,S143,0.4
snpSS00181,S36,0.5
snpSS00181,S53,0.4
snpSS00181,S103,1
snpSS00181,S119,0.5
snpSS00181,S145,0.4
snpSS00181,S38,0.4
snpSS00181,S61,0.6
snpSS00181,S104,0.6
snpSS00181,S122,0.4
snpSS00181,S146,0.3
snpSS00181,S207,0.5
snpSS00181,S23,0.5
snpSS00181,S40,0.8
snpSS00181,S68,0.6
snpSS00181,S90,0.6
snpSS00181,S106,0.7
snpSS00181,S129,0.6
snpSS00181,S150,0.5
snpSS00181,S28,0.5
snpSS00181,S43,0.4
snpSS00181,S73,0.2
snpSS00181,S93,0.5
snpSS00181,S110,0.4
snpSS00181,S130,0.4
snpSS00181,S151,0.6
snpSS00181,S215,0.6
snpSS00181,S29,0.5
snpSS00068,S2,0.8
snpSS00068,S29,0.5
snpSS00068,S45,0.3
snpSS00068,S79,0.3
snpSS00068,S96,0.1
snpSS00068,S111,0.4
snpSS00068,S153,0.5
snpSS00068,S30,0.4
snpSS00068,S46,0.5
snpSS00068,S98,0.4
snpSS00068,S112,0.4
snpSS00068,S137,0.3
snpSS00068,S172,0.3
snpSS00068,S4,0.6
snpSS00068,S31,0.5
snpSS00068,S48,0.5
snpSS00068,S99,0.3
snpSS00068,S115,0.3
snpSS00068,S139,1
snpSS00068,S5,0.4
snpSS00068,S34,0.2
snpSS00068,S49,0.6
snpSS00068,S102,0.4
snpSS00068,S116,0.3
snpSS00068,S143,0.3
snpSS00068,S36,0.3
snpSS00068,S53,0.3
snpSS00068,S103,0.6
snpSS00068,S119,0.4
snpSS00068,S145,0.2
snpSS00068,S38,0.2
snpSS00068,S61,0.3
snpSS00068,S104,0.2
snpSS00068,S122,0.3
snpSS00068,S146,0.3
snpSS00068,S207,0.4
snpSS00068,S23,0.1
snpSS00068,S40,0.3
snpSS00068,S68,0.7
snpSS00068,S90,0.4
snpSS00068,S106,0.6
snpSS00068,S129,0.5
snpSS00068,S150,0.3
snpSS00068,S28,0.3
snpSS00068,S43,0.4
snpSS00068,S73,0.3
snpSS00068,S93,0.3
snpSS00068,S110,0.4
snpSS00068,S130,0.2
snpSS00068,S151,0.2
snpSS00068,S215,0.3
snpSS00068,S29,0.5
snpSS00065,S2,1
snpSS00065,S29,0.4
snpSS00065,S45,1
snpSS00065,S79,0.2
snpSS00065,S96,0
snpSS00065,S111,0.3
snpSS00065,S153,0
snpSS00065,S30,0
snpSS00065,S46,0
snpSS00065,S98,0.6
snpSS00065,S112,0
snpSS00065,S137,0
snpSS00065,S172,0.5
snpSS00065,S4,0.6
snpSS00065,S31,0
snpSS00065,S48,0.3
snpSS00065,S99,0.7
snpSS00065,S115,0.6
snpSS00065,S139,1
snpSS00065,S5,0.7
snpSS00065,S34,0.6
snpSS00065,S49,0.4
snpSS00065,S102,0.6
snpSS00065,S116,0.2
snpSS00065,S143,0
snpSS00065,S36,0
snpSS00065,S53,0
snpSS00065,S119,0.7
snpSS00065,S145,0.4
snpSS00065,S38,0
snpSS00065,S61,0.4
snpSS00065,S104,0.6
snpSS00065,S122,0
snpSS00065,S146,0.5
snpSS00065,S207,0.2
snpSS00065,S23,0.2
snpSS00065,S40,0
snpSS00065,S68,0
snpSS00065,S90,0.6
snpSS00065,S106,0.8
snpSS00065,S129,0.5
snpSS00065,S150,0.4
snpSS00065,S28,0.5
snpSS00065,S43,1
snpSS00065,S73,0
snpSS00065,S93,0.1
snpSS00065,S110,0.5
snpSS00065,S130,0
snpSS00065,S151,0
snpSS00065,S215,0.4
snpSS00065,S29,0.4
snpSS00071,S2,0.5
snpSS00071,S29,0.2
snpSS00071,S45,0.5
snpSS00071,S79,0.3
snpSS00071,S96,0.2
snpSS00071,S111,0.3
snpSS00071,S153,0.2
snpSS00071,S30,0.4
snpSS00071,S46,0.5
snpSS00071,S98,0.5
snpSS00071,S112,0.4
snpSS00071,S137,0.5
snpSS00071,S172,0.6
snpSS00071,S4,0.4
snpSS00071,S31,0.5
snpSS00071,S48,0.4
snpSS00071,S99,0.2
snpSS00071,S115,0.4
snpSS00071,S139,0.8
snpSS00071,S5,0.3
snpSS00071,S34,0.4
snpSS00071,S49,0.3
snpSS00071,S102,0.4
snpSS00071,S116,0.4
snpSS00071,S143,0.4
snpSS00071,S36,0.4
snpSS00071,S53,0.2
snpSS00071,S103,0.5
snpSS00071,S119,0.2
snpSS00071,S145,0.3
snpSS00071,S38,0.3
snpSS00071,S61,0.2
snpSS00071,S104,0.5
snpSS00071,S122,0.3
snpSS00071,S146,0.3
snpSS00071,S207,0.4
snpSS00071,S23,0.4
snpSS00071,S40,0.3
snpSS00071,S68,0.4
snpSS00071,S90,0.4
snpSS00071,S106,0.4
snpSS00071,S129,0.5
snpSS00071,S150,0.4
snpSS00071,S28,0.3
snpSS00071,S43,0.4
snpSS00071,S73,0.5
snpSS00071,S93,0.4
snpSS00071,S110,0.2
snpSS00071,S130,0.3
snpSS00071,S151,0.4
snpSS00071,S215,0.5
snpSS00071,S29,0.2
snpSS00066,S2,0.8
snpSS00066,S29,0.3
snpSS00066,S45,0.4
snpSS00066,S79,0.4
snpSS00066,S96,0.4
snpSS00066,S111,0.7
snpSS00066,S153,0.3
snpSS00066,S30,0.4
snpSS00066,S46,0.5
snpSS00066,S98,0.2
snpSS00066,S112,0.5
snpSS00066,S137,0.4
snpSS00066,S172,0.5
snpSS00066,S4,0.5
snpSS00066,S31,0.5
snpSS00066,S48,0.5
snpSS00066,S99,0.3
snpSS00066,S115,0.5
snpSS00066,S139,0.8
snpSS00066,S5,0.4
snpSS00066,S34,0.7
snpSS00066,S49,0.4
snpSS00066,S102,0.4
snpSS00066,S116,0.3
snpSS00066,S143,0.5
snpSS00066,S36,0.4
snpSS00066,S53,0.4
snpSS00066,S103,0.8
snpSS00066,S119,0.4
snpSS00066,S145,0.3
snpSS00066,S38,0.6
snpSS00066,S61,0.4
snpSS00066,S104,0.6
snpSS00066,S122,0.4
snpSS00066,S146,0.4
snpSS00066,S207,0.5
snpSS00066,S23,0.3
snpSS00066,S40,0.3
snpSS00066,S68,0.4
snpSS00066,S90,0.4
snpSS00066,S106,0.7
snpSS00066,S129,0.5
snpSS00066,S150,0.5
snpSS00066,S28,0.2
snpSS00066,S43,0.6
snpSS00066,S73,0.4
snpSS00066,S93,0.6
snpSS00066,S110,0.6
snpSS00066,S130,0.4
snpSS00066,S151,0.5
snpSS00066,S215,0.4
snpSS00066,S29,0.3
snpSS00064,S2,0.9
snpSS00064,S29,0.5
snpSS00064,S45,0.4
snpSS00064,S79,0.5
snpSS00064,S96,0.6
snpSS00064,S111,0.8
snpSS00064,S153,0.3
snpSS00064,S30,0.7
snpSS00064,S46,0.7
snpSS00064,S98,0.4
snpSS00064,S112,0.8
snpSS00064,S137,0.4
snpSS00064,S172,0.7
snpSS00064,S4,0.4
snpSS00064,S31,0.5
snpSS00064,S48,0.5
snpSS00064,S99,0.6
snpSS00064,S115,0.5
snpSS00064,S139,0.8
snpSS00064,S5,0.5
snpSS00064,S34,0.7
snpSS00064,S49,0.4
snpSS00064,S102,0.5
snpSS00064,S116,0.5
snpSS00064,S143,0.5
snpSS00064,S36,0.7
snpSS00064,S53,0.3
snpSS00064,S103,0.7
snpSS00064,S119,0.4
snpSS00064,S145,0.6
snpSS00064,S38,0.6
snpSS00064,S61,0.4
snpSS00064,S104,0.6
snpSS00064,S122,0.6
snpSS00064,S146,0.4
snpSS00064,S207,0.6
snpSS00064,S23,0.5
snpSS00064,S40,0.5
snpSS00064,S68,0.5
snpSS00064,S90,0.4
snpSS00064,S106,0.8
snpSS00064,S129,0.5
snpSS00064,S150,0.6
snpSS00064,S28,0.3
snpSS00064,S43,0.6
snpSS00064,S73,0.5
snpSS00064,S93,0.4
snpSS00064,S110,0.7
snpSS00064,S130,0.5
snpSS00064,S151,0.5
snpSS00064,S215,0.5
snpSS00064,S29,0.5
snpSS00179,S2,1
snpSS00179,S29,0.6
snpSS00179,S45,0.5
snpSS00179,S79,0.7
snpSS00179,S96,0.7
snpSS00179,S111,0.8
snpSS00179,S153,0.8
snpSS00179,S30,0.8
snpSS00179,S46,0.7
snpSS00179,S98,0.5
snpSS00179,S112,0.6
snpSS00179,S137,0.3
snpSS00179,S172,0.6
snpSS00179,S4,0.9
snpSS00179,S31,0.5
snpSS00179,S48,0.6
snpSS00179,S99,0.5
snpSS00179,S115,0.8
snpSS00179,S139,1
snpSS00179,S5,0.8
snpSS00179,S34,0.6
snpSS00179,S49,0.5
snpSS00179,S102,0.7
snpSS00179,S116,0.6
snpSS00179,S143,0.4
snpSS00179,S36,0.6
snpSS00179,S53,0.5
snpSS00179,S103,1
snpSS00179,S119,0.6
snpSS00179,S145,0.5
snpSS00179,S38,0.6
snpSS00179,S61,0.4
snpSS00179,S104,0.7
snpSS00179,S122,0.6
snpSS00179,S146,0.5
snpSS00179,S207,0.7
snpSS00179,S23,0.6
snpSS00179,S40,0.8
snpSS00179,S68,0.4
snpSS00179,S90,0.6
snpSS00179,S106,1
snpSS00179,S129,0.5
snpSS00179,S150,0.6
snpSS00179,S28,0.5
snpSS00179,S43,0.6
snpSS00179,S73,0.6
snpSS00179,S93,0.3
snpSS00179,S110,0.8
snpSS00179,S130,0.4
snpSS00179,S151,0.7
snpSS00179,S215,0.6
snpSS00179,S29,0.6
snpSS00062,S2,0.8
snpSS00062,S29,0.3
snpSS00062,S45,0.3
snpSS00062,S79,0.4
snpSS00062,S96,0.3
snpSS00062,S111,0.4
snpSS00062,S132,0
snpSS00062,S153,0.6
snpSS00062,S3,0
snpSS00062,S30,0.5
snpSS00062,S46,0.3
snpSS00062,S98,0.1
snpSS00062,S112,0.4
snpSS00062,S137,0.3
snpSS00062,S172,0.3
snpSS00062,S4,0.4
snpSS00062,S31,0.5
snpSS00062,S48,0.4
snpSS00062,S99,0.5
snpSS00062,S115,0.3
snpSS00062,S139,0.3
snpSS00062,S5,0.2
snpSS00062,S34,0.2
snpSS00062,S49,0.3
snpSS00062,S102,0.4
snpSS00062,S116,0.2
snpSS00062,S143,0.4
snpSS00062,S36,0.4
snpSS00062,S53,0.6
snpSS00062,S103,0.5
snpSS00062,S119,0.4
snpSS00062,S145,0.4
snpSS00062,S38,0.4
snpSS00062,S61,0.2
snpSS00062,S104,0.5
snpSS00062,S122,0.6
snpSS00062,S146,0.3
snpSS00062,S207,0.7
snpSS00062,S23,0.4
snpSS00062,S40,0.6
snpSS00062,S68,0.5
snpSS00062,S90,0.4
snpSS00062,S106,0.7
snpSS00062,S129,0.3
snpSS00062,S150,0.5
snpSS00062,S28,0.3
snpSS00062,S43,0.4
snpSS00062,S73,0.2
snpSS00062,S93,0.3
snpSS00062,S110,0.7
snpSS00062,S130,0.2
snpSS00062,S151,0.6
snpSS00062,S215,0.3
snpSS00062,S29,0.3
snpSS00067,S2,0.8
snpSS00067,S29,0.6
snpSS00067,S45,0.5
snpSS00067,S79,0.3
snpSS00067,S96,0.5
snpSS00067,S111,0.7
snpSS00067,S132,0
snpSS00067,S153,0.8
snpSS00067,S3,0
snpSS00067,S30,0.7
snpSS00067,S46,0.3
snpSS00067,S98,0.6
snpSS00067,S112,0.5
snpSS00067,S137,0.4
snpSS00067,S172,0.5
snpSS00067,S4,0.5
snpSS00067,S31,0.7
snpSS00067,S48,0.3
snpSS00067,S99,0.4
snpSS00067,S115,0.6
snpSS00067,S139,0.4
snpSS00067,S5,0.5
snpSS00067,S34,0.3
snpSS00067,S49,0.5
snpSS00067,S102,0.5
snpSS00067,S116,0.2
snpSS00067,S143,0.3
snpSS00067,S36,0.3
snpSS00067,S53,0.3
snpSS00067,S103,0.6
snpSS00067,S119,0.5
snpSS00067,S145,0.4
snpSS00067,S38,0.5
snpSS00067,S61,0.5
snpSS00067,S104,0.7
snpSS00067,S122,0.5
snpSS00067,S146,0.5
snpSS00067,S207,0.5
snpSS00067,S23,0.4
snpSS00067,S40,0.3
snpSS00067,S68,0.4
snpSS00067,S90,0.6
snpSS00067,S106,0.8
snpSS00067,S129,0.1
snpSS00067,S150,0.3
snpSS00067,S28,0.4
snpSS00067,S43,0.4
snpSS00067,S73,0.4
snpSS00067,S93,0.4
snpSS00067,S110,0.7
snpSS00067,S130,0.2
snpSS00067,S151,0.2
snpSS00067,S215,0.3
snpSS00067,S29,0.6
snpSS00073,S2,0.2
snpSS00073,S29,0.2
snpSS00073,S45,0.2
snpSS00073,S79,0.1
snpSS00073,S96,0.3
snpSS00073,S111,0.3
snpSS00073,S132,1
snpSS00073,S153,0.4
snpSS00073,S3,1
snpSS00073,S30,0.2
snpSS00073,S46,0.2
snpSS00073,S98,0.3
snpSS00073,S112,0.3
snpSS00073,S137,0
snpSS00073,S172,0.1
snpSS00073,S4,0.1
snpSS00073,S31,0.3
snpSS00073,S48,0.5
snpSS00073,S99,0.2
snpSS00073,S115,0.3
snpSS00073,S139,0.5
snpSS00073,S5,0.2
snpSS00073,S34,0.1
snpSS00073,S49,0.3
snpSS00073,S102,0.2
snpSS00073,S116,0.2
snpSS00073,S143,0.2
snpSS00073,S36,0.2
snpSS00073,S53,0.2
snpSS00073,S103,0.6
snpSS00073,S119,0.1
snpSS00073,S145,0.1
snpSS00073,S38,0.2
snpSS00073,S61,0
snpSS00073,S104,0.3
snpSS00073,S122,0.2
snpSS00073,S146,0.3
snpSS00073,S207,0.3
snpSS00073,S23,0.1
snpSS00073,S40,0.2
snpSS00073,S68,0.3
snpSS00073,S90,0.3
snpSS00073,S106,0.7
snpSS00073,S129,0.4
snpSS00073,S150,0.2
snpSS00073,S28,0.5
snpSS00073,S43,0.4
snpSS00073,S73,0.4
snpSS00073,S93,0.2
snpSS00073,S110,0.3
snpSS00073,S130,0.2
snpSS00073,S151,0.4
snpSS00073,S215,0.3
snpSS00073,S29,0.2
snpSS00175,S2,1
snpSS00175,S29,0.7
snpSS00175,S45,0.5
snpSS00175,S79,0.3
snpSS00175,S96,0.4
snpSS00175,S111,0.7
snpSS00175,S153,0.7
snpSS00175,S30,0
snpSS00175,S46,0.2
snpSS00175,S98,0.4
snpSS00175,S112,0.5
snpSS00175,S137,0.6
snpSS00175,S172,0.8
snpSS00175,S4,0.4
snpSS00175,S31,0.2
snpSS00175,S48,0.8
snpSS00175,S99,0.5
snpSS00175,S115,0.5
snpSS00175,S139,0.7
snpSS00175,S5,0.2
snpSS00175,S34,0
snpSS00175,S49,0.6
snpSS00175,S102,0.2
snpSS00175,S116,0.5
snpSS00175,S143,0.6
snpSS00175,S36,0.1
snpSS00175,S53,0.6
snpSS00175,S103,0.8
snpSS00175,S119,0.3
snpSS00175,S145,0.6
snpSS00175,S38,0.7
snpSS00175,S61,0.7
snpSS00175,S104,0.2
snpSS00175,S122,0.5
snpSS00175,S146,0.6
snpSS00175,S207,0.6
snpSS00175,S23,0.5
snpSS00175,S40,0.4
snpSS00175,S68,0.5
snpSS00175,S90,0.1
snpSS00175,S106,0.6
snpSS00175,S129,0.2
snpSS00175,S150,0.9
snpSS00175,S28,0.7
snpSS00175,S43,0.3
snpSS00175,S73,0.6
snpSS00175,S93,0.5
snpSS00175,S110,0.7
snpSS00175,S130,0.4
snpSS00175,S151,0.5
snpSS00175,S215,0.5
snpSS00175,S29,0.7
snpSS00070,S2,1
snpSS00070,S29,0.4
snpSS00070,S45,0.6
snpSS00070,S79,0.2
snpSS00070,S96,0.1
snpSS00070,S111,0.7
snpSS00070,S153,0.6
snpSS00070,S30,0.2
snpSS00070,S46,0.4
snpSS00070,S98,1
snpSS00070,S112,0.3
snpSS00070,S137,0.5
snpSS00070,S172,0.4
snpSS00070,S4,0.7
snpSS00070,S31,0.5
snpSS00070,S48,0.6
snpSS00070,S99,0.3
snpSS00070,S115,0.5
snpSS00070,S139,0.5
snpSS00070,S5,0.4
snpSS00070,S34,0.3
snpSS00070,S49,0
snpSS00070,S102,0.3
snpSS00070,S116,0.5
snpSS00070,S143,0.3
snpSS00070,S36,0.2
snpSS00070,S53,0.3
snpSS00070,S103,0.6
snpSS00070,S119,0.4
snpSS00070,S145,0.4
snpSS00070,S38,0.2
snpSS00070,S61,0.6
snpSS00070,S104,0.3
snpSS00070,S122,0.1
snpSS00070,S146,0.8
snpSS00070,S207,0.4
snpSS00070,S23,0.3
snpSS00070,S40,0.6
snpSS00070,S68,0.5
snpSS00070,S90,0.5
snpSS00070,S106,0.3
snpSS00070,S129,0.4
snpSS00070,S150,0.2
snpSS00070,S28,0.4
snpSS00070,S43,0.6
snpSS00070,S73,0.4
snpSS00070,S93,0.6
snpSS00070,S110,0.5
snpSS00070,S130,0.1
snpSS00070,S151,0.3
snpSS00070,S215,0
snpSS00070,S29,0.4
snpSS00069,S2,0.8
snpSS00069,S29,0.7
snpSS00069,S45,1
snpSS00069,S79,0.9
snpSS00069,S96,1
snpSS00069,S111,1
snpSS00069,S132,0.6
snpSS00069,S153,0.7
snpSS00069,S3,0.9
snpSS00069,S30,1
snpSS00069,S46,0.7
snpSS00069,S98,1
snpSS00069,S112,0.9
snpSS00069,S137,0.8
snpSS00069,S172,0.9
snpSS00069,S4,0.9
snpSS00069,S31,1
snpSS00069,S48,0.9
snpSS00069,S99,0.7
snpSS00069,S115,0.9
snpSS00069,S139,1
snpSS00069,S5,1
snpSS00069,S34,1
snpSS00069,S49,1
snpSS00069,S102,1
snpSS00069,S116,1
snpSS00069,S143,0.8
snpSS00069,S36,0.8
snpSS00069,S53,0.9
snpSS00069,S103,1
snpSS00069,S119,1
snpSS00069,S145,0.8
snpSS00069,S38,0.7
snpSS00069,S61,0.8
snpSS00069,S104,1
snpSS00069,S122,1
snpSS00069,S146,1
snpSS00069,S207,1
snpSS00069,S23,0.9
snpSS00069,S40,0.8
snpSS00069,S68,0.7
snpSS00069,S90,1
snpSS00069,S106,1
snpSS00069,S129,0.8
snpSS00069,S150,1
snpSS00069,S28,0.9
snpSS00069,S43,0.9
snpSS00069,S73,0.9
snpSS00069,S93,1
snpSS00069,S110,1
snpSS00069,S130,0.7
snpSS00069,S151,0.7
snpSS00069,S215,1
snpSS00069,S29,0.7
snpSS00074,S2,0.9
snpSS00074,S29,0.6
snpSS00074,S45,0.4
snpSS00074,S79,0.3
snpSS00074,S96,0.3
snpSS00074,S111,0.7
snpSS00074,S132,1
snpSS00074,S153,0.4
snpSS00074,S3,1
snpSS00074,S30,0.9
snpSS00074,S46,0.4
snpSS00074,S98,0.5
snpSS00074,S112,0.4
snpSS00074,S137,0.5
snpSS00074,S172,0.7
snpSS00074,S4,0.7
snpSS00074,S31,0.5
snpSS00074,S48,0.2
snpSS00074,S99,0.7
snpSS00074,S115,0.4
snpSS00074,S139,0.8
snpSS00074,S5,0.2
snpSS00074,S34,0.6
snpSS00074,S49,0.4
snpSS00074,S102,0.4
snpSS00074,S116,0.5
snpSS00074,S143,0.4
snpSS00074,S36,0.4
snpSS00074,S53,0.6
snpSS00074,S103,0.8
snpSS00074,S119,0.5
snpSS00074,S145,0.4
snpSS00074,S38,0.5
snpSS00074,S61,0.4
snpSS00074,S104,0.4
snpSS00074,S122,0.3
snpSS00074,S146,0.6
snpSS00074,S207,0.3
snpSS00074,S23,0.8
snpSS00074,S40,0.4
snpSS00074,S68,0.6
snpSS00074,S90,0.4
snpSS00074,S106,0.9
snpSS00074,S129,0.6
snpSS00074,S150,0.2
snpSS00074,S28,0.9
snpSS00074,S43,0.7
snpSS00074,S73,0.5
snpSS00074,S93,0.5
snpSS00074,S110,0.6
snpSS00074,S130,0.5
snpSS00074,S151,0.7
snpSS00074,S215,0.5
snpSS00074,S29,0.6
snpSS00077,S2,1
snpSS00077,S29,0.7
snpSS00077,S45,0.5
snpSS00077,S79,0.2
snpSS00077,S96,0.3
snpSS00077,S111,0.6
snpSS00077,S153,0.6
snpSS00077,S30,0.6
snpSS00077,S46,0.3
snpSS00077,S98,0.3
snpSS00077,S112,0.5
snpSS00077,S137,0.2
snpSS00077,S172,0.3
snpSS00077,S4,0.6
snpSS00077,S31,0.4
snpSS00077,S48,0.5
snpSS00077,S99,0.5
snpSS00077,S115,0.6
snpSS00077,S139,0.5
snpSS00077,S5,0.2
snpSS00077,S34,0.6
snpSS00077,S49,0.3
snpSS00077,S102,0.5
snpSS00077,S116,0.3
snpSS00077,S143,0.6
snpSS00077,S36,0.3
snpSS00077,S53,0.5
snpSS00077,S103,0.7
snpSS00077,S119,0.3
snpSS00077,S145,0.8
snpSS00077,S38,0.1
snpSS00077,S61,0.4
snpSS00077,S104,0.4
snpSS00077,S122,0.3
snpSS00077,S146,0.4
snpSS00077,S207,0.4
snpSS00077,S23,0.2
snpSS00077,S40,0.2
snpSS00077,S68,0.5
snpSS00077,S90,0.4
snpSS00077,S106,0.7
snpSS00077,S129,0.3
snpSS00077,S150,0.2
snpSS00077,S28,0.7
snpSS00077,S43,0.4
snpSS00077,S73,0.2
snpSS00077,S93,0.5
snpSS00077,S110,0.4
snpSS00077,S130,0.5
snpSS00077,S151,0.5
snpSS00077,S215,0.4
snpSS00077,S29,0.7
snpSS00191,S2,0.2
snpSS00191,S29,0.6
snpSS00191,S45,0.2
snpSS00191,S79,0.4
snpSS00191,S96,0.5
snpSS00191,S111,0.2
snpSS00191,S153,0.9
snpSS00191,S30,0.5
snpSS00191,S46,0.4
snpSS00191,S98,0.2
snpSS00191,S112,0.4
snpSS00191,S137,0.6
snpSS00191,S172,0.7
snpSS00191,S4,0.2
snpSS00191,S31,0.7
snpSS00191,S48,0.4
snpSS00191,S99,0.2
snpSS00191,S115,0.8
snpSS00191,S139,0.6
snpSS00191,S5,0.1
snpSS00191,S34,0.5
snpSS00191,S49,0.5
snpSS00191,S102,0.4
snpSS00191,S116,0.3
snpSS00191,S143,0.4
snpSS00191,S36,0.7
snpSS00191,S53,0.4
snpSS00191,S103,0.3
snpSS00191,S119,0.3
snpSS00191,S145,0.7
snpSS00191,S38,0.7
snpSS00191,S61,0.7
snpSS00191,S104,0.7
snpSS00191,S122,0.6
snpSS00191,S146,0.5
snpSS00191,S207,0.2
snpSS00191,S23,0.7
snpSS00191,S40,0.8
snpSS00191,S68,0.7
snpSS00191,S90,0.5
snpSS00191,S106,0.1
snpSS00191,S129,0.4
snpSS00191,S150,0.5
snpSS00191,S28,0.4
snpSS00191,S43,0.1
snpSS00191,S73,0.1
snpSS00191,S93,0.4
snpSS00191,S110,0.1
snpSS00191,S130,0.4
snpSS00191,S151,0.7
snpSS00191,S215,0.6
snpSS00191,S29,0.6
snpSS00182,S29,0.3
snpSS00182,S45,0.4
snpSS00182,S79,0.3
snpSS00182,S96,0
snpSS00182,S111,0.6
snpSS00182,S153,0
snpSS00182,S30,0.5
snpSS00182,S46,0.1
snpSS00182,S98,0.5
snpSS00182,S112,0.4
snpSS00182,S137,0
snpSS00182,S172,0
snpSS00182,S4,0.2
snpSS00182,S31,0
snpSS00182,S48,0.8
snpSS00182,S99,0.4
snpSS00182,S115,0.1
snpSS00182,S139,0.9
snpSS00182,S5,0.4
snpSS00182,S34,0.2
snpSS00182,S49,0.2
snpSS00182,S102,0.2
snpSS00182,S116,0.4
snpSS00182,S143,0
snpSS00182,S36,0
snpSS00182,S53,0.2
snpSS00182,S103,1
snpSS00182,S119,0.6
snpSS00182,S145,0
snpSS00182,S38,0
snpSS00182,S61,0.3
snpSS00182,S104,0
snpSS00182,S122,0
snpSS00182,S146,0.5
snpSS00182,S207,0.2
snpSS00182,S23,0.2
snpSS00182,S40,0.2
snpSS00182,S68,0
snpSS00182,S90,0.5
snpSS00182,S106,0.5
snpSS00182,S129,0.3
snpSS00182,S150,0
snpSS00182,S28,0.3
snpSS00182,S43,0.3
snpSS00182,S73,0.3
snpSS00182,S93,0.4
snpSS00182,S110,0.4
snpSS00182,S130,0
snpSS00182,S151,0.2
snpSS00182,S215,0.3
snpSS00182,S29,0.3
snpSS00184,S2,0.4
snpSS00184,S29,0.2
snpSS00184,S45,0
snpSS00184,S79,0
snpSS00184,S96,0.1
snpSS00184,S111,0.6
snpSS00184,S153,0.3
snpSS00184,S30,0.2
snpSS00184,S46,0.1
snpSS00184,S98,0.2
snpSS00184,S112,0.1
snpSS00184,S137,0.2
snpSS00184,S172,0.4
snpSS00184,S4,0.5
snpSS00184,S31,0.2
snpSS00184,S48,0.1
snpSS00184,S99,0
snpSS00184,S115,0
snpSS00184,S139,1
snpSS00184,S5,0
snpSS00184,S34,0.3
snpSS00184,S49,0.1
snpSS00184,S102,0.2
snpSS00184,S116,0
snpSS00184,S143,0.3
snpSS00184,S36,0.3
snpSS00184,S53,0
snpSS00184,S103,1
snpSS00184,S119,0.2
snpSS00184,S145,0
snpSS00184,S38,0.1
snpSS00184,S61,0.1
snpSS00184,S104,0
snpSS00184,S122,0
snpSS00184,S146,0
snpSS00184,S207,0
snpSS00184,S23,0.4
snpSS00184,S40,0.2
snpSS00184,S68,0
snpSS00184,S90,0
snpSS00184,S106,0.5
snpSS00184,S129,0
snpSS00184,S150,0.1
snpSS00184,S28,0.2
snpSS00184,S43,0
snpSS00184,S73,0.1
snpSS00184,S93,0
snpSS00184,S110,0.5
snpSS00184,S130,0.2
snpSS00184,S151,0.2
snpSS00184,S215,0.1
snpSS00184,S29,0.2
snpSS00089,S2,1
snpSS00089,S29,0.9
snpSS00089,S45,0.4
snpSS00089,S79,0.5
snpSS00089,S96,0.9
snpSS00089,S111,0.6
snpSS00089,S132,1
snpSS00089,S153,0.6
snpSS00089,S3,1
snpSS00089,S30,0.2
snpSS00089,S46,0.9
snpSS00089,S98,0.6
snpSS00089,S112,0.9
snpSS00089,S137,0.6
snpSS00089,S172,0.7
snpSS00089,S4,0.7
snpSS00089,S31,0.6
snpSS00089,S48,0.5
snpSS00089,S99,0.6
snpSS00089,S115,0.6
snpSS00089,S139,0.5
snpSS00089,S5,0.7
snpSS00089,S34,0.7
snpSS00089,S49,0.6
snpSS00089,S102,0.8
snpSS00089,S116,0.6
snpSS00089,S143,0.7
snpSS00089,S36,0.5
snpSS00089,S53,0.7
snpSS00089,S103,0.7
snpSS00089,S119,0.4
snpSS00089,S145,0.6
snpSS00089,S38,0.7
snpSS00089,S61,0.7
snpSS00089,S104,0.6
snpSS00089,S122,0.5
snpSS00089,S146,0.7
snpSS00089,S207,0.8
snpSS00089,S23,0.5
snpSS00089,S40,0.5
snpSS00089,S68,0.5
snpSS00089,S90,0.6
snpSS00089,S106,0.7
snpSS00089,S129,0.6
snpSS00089,S150,0.7
snpSS00089,S28,0.7
snpSS00089,S43,0.5
snpSS00089,S73,0.5
snpSS00089,S93,0.5
snpSS00089,S110,0.8
snpSS00089,S130,0.6
snpSS00089,S151,0.7
snpSS00089,S215,0.4
snpSS00089,S29,0.9
snpSS00072,S2,0.9
snpSS00072,S29,0.9
snpSS00072,S45,1
snpSS00072,S79,0.6
snpSS00072,S96,1
snpSS00072,S111,1
snpSS00072,S132,0.6
snpSS00072,S153,0.8
snpSS00072,S3,0.8
snpSS00072,S30,1
snpSS00072,S46,0.9
snpSS00072,S98,0.7
snpSS00072,S112,0.8
snpSS00072,S137,1
snpSS00072,S172,0.9
snpSS00072,S4,1
snpSS00072,S31,1
snpSS00072,S48,0.8
snpSS00072,S99,1
snpSS00072,S115,1
snpSS00072,S139,0.9
snpSS00072,S5,0.9
snpSS00072,S34,1
snpSS00072,S49,0.9
snpSS00072,S102,0.8
snpSS00072,S116,1
snpSS00072,S143,0.9
snpSS00072,S36,1
snpSS00072,S53,0.9
snpSS00072,S103,0.9
snpSS00072,S119,0.8
snpSS00072,S145,0.9
snpSS00072,S38,1
snpSS00072,S61,1
snpSS00072,S104,0.9
snpSS00072,S122,0.8
snpSS00072,S146,0.9
snpSS00072,S207,1
snpSS00072,S23,0.9
snpSS00072,S40,1
snpSS00072,S68,1
snpSS00072,S90,0.8
snpSS00072,S106,0.9
snpSS00072,S129,1
snpSS00072,S150,0.9
snpSS00072,S28,1
snpSS00072,S43,0.8
snpSS00072,S73,1
snpSS00072,S93,0.8
snpSS00072,S110,1
snpSS00072,S130,0.9
snpSS00072,S151,0.9
snpSS00072,S215,0.9
snpSS00072,S29,0.9
snpSS00186,S2,0.7
snpSS00186,S29,0.5
snpSS00186,S45,0.3
snpSS00186,S79,0.5
snpSS00186,S96,0.5
snpSS00186,S111,0.4
snpSS00186,S153,0.4
snpSS00186,S30,0.8
snpSS00186,S46,0.2
snpSS00186,S98,0.5
snpSS00186,S112,0.5
snpSS00186,S137,0.2
snpSS00186,S172,0.4
snpSS00186,S4,0.5
snpSS00186,S31,0
snpSS00186,S48,0.4
snpSS00186,S99,0.5
snpSS00186,S115,0.5
snpSS00186,S139,0.3
snpSS00186,S5,0.4
snpSS00186,S34,0.4
snpSS00186,S49,0.4
snpSS00186,S102,0.5
snpSS00186,S116,0.4
snpSS00186,S143,0.2
snpSS00186,S36,0.5
snpSS00186,S53,0.3
snpSS00186,S103,0.4
snpSS00186,S119,0.5
snpSS00186,S145,0.6
snpSS00186,S38,0.4
snpSS00186,S61,0.5
snpSS00186,S104,0.6
snpSS00186,S122,0.3
snpSS00186,S146,0.7
snpSS00186,S207,0.9
snpSS00186,S23,0.5
snpSS00186,S40,0.3
snpSS00186,S68,0.5
snpSS00186,S90,0.5
snpSS00186,S106,0.7
snpSS00186,S129,0.3
snpSS00186,S150,0.3
snpSS00186,S28,0.7
snpSS00186,S43,0.4
snpSS00186,S73,0.5
snpSS00186,S93,0.5
snpSS00186,S110,0.2
snpSS00186,S130,0.2
snpSS00186,S151,0.1
snpSS00186,S215,0.2
snpSS00186,S29,0.5
snpSS00080,S2,1
snpSS00080,S29,0.3
snpSS00080,S45,0.3
snpSS00080,S79,0.3
snpSS00080,S96,0.5
snpSS00080,S111,0.5
snpSS00080,S132,0.5
snpSS00080,S153,0.3
snpSS00080,S3,0
snpSS00080,S30,0.3
snpSS00080,S46,0.3
snpSS00080,S98,0.4
snpSS00080,S112,0.3
snpSS00080,S137,0.5
snpSS00080,S172,0.6
snpSS00080,S4,0.4
snpSS00080,S31,0.5
snpSS00080,S48,0.4
snpSS00080,S99,0.5
snpSS00080,S115,0.2
snpSS00080,S139,0.9
snpSS00080,S5,0.3
snpSS00080,S34,0.1
snpSS00080,S49,0.3
snpSS00080,S102,0.6
snpSS00080,S116,0.3
snpSS00080,S143,0.1
snpSS00080,S36,0.4
snpSS00080,S53,0.4
snpSS00080,S103,0.6
snpSS00080,S119,0.3
snpSS00080,S145,0.4
snpSS00080,S38,0.3
snpSS00080,S61,0.3
snpSS00080,S104,0.3
snpSS00080,S122,0.3
snpSS00080,S146,0.3
snpSS00080,S207,0.3
snpSS00080,S23,0.5
snpSS00080,S40,0.3
snpSS00080,S68,0.4
snpSS00080,S90,0.1
snpSS00080,S106,0.6
snpSS00080,S129,0.3
snpSS00080,S150,0
snpSS00080,S28,0.4
snpSS00080,S43,0.2
snpSS00080,S73,0.4
snpSS00080,S93,0.2
snpSS00080,S110,0.3
snpSS00080,S130,0.3
snpSS00080,S151,0.4
snpSS00080,S215,0.4
snpSS00080,S29,0.3
snpSS00076,S2,0.6
snpSS00076,S29,0.5
snpSS00076,S45,0.6
snpSS00076,S79,0.7
snpSS00076,S96,0.6
snpSS00076,S111,0.8
snpSS00076,S153,0.7
snpSS00076,S30,0.7
snpSS00076,S46,0.6
snpSS00076,S98,0.6
snpSS00076,S112,0.7
snpSS00076,S137,0.2
snpSS00076,S172,0.5
snpSS00076,S4,0.8
snpSS00076,S31,0.3
snpSS00076,S48,0.5
snpSS00076,S99,0.8
snpSS00076,S115,0.5
snpSS00076,S139,0.8
snpSS00076,S5,0.8
snpSS00076,S34,0.4
snpSS00076,S49,0.3
snpSS00076,S102,0.8
snpSS00076,S116,0.7
snpSS00076,S143,0.5
snpSS00076,S36,0.2
snpSS00076,S53,0.2
snpSS00076,S103,0.7
snpSS00076,S119,0.8
snpSS00076,S145,0.6
snpSS00076,S38,0.5
snpSS00076,S61,0.3
snpSS00076,S104,0.5
snpSS00076,S122,0.9
snpSS00076,S146,0.5
snpSS00076,S207,0.8
snpSS00076,S23,0.3
snpSS00076,S40,0.5
snpSS00076,S68,0.6
snpSS00076,S90,0.8
snpSS00076,S106,1
snpSS00076,S129,0.8
snpSS00076,S150,0.5
snpSS00076,S28,0.8
snpSS00076,S43,0.8
snpSS00076,S73,0.7
snpSS00076,S93,0.1
snpSS00076,S110,0.9
snpSS00076,S130,0.5
snpSS00076,S151,0.5
snpSS00076,S215,0.3
snpSS00076,S29,0.5
snpSS00078,S2,0.7
snpSS00078,S29,0.6
snpSS00078,S45,0.5
snpSS00078,S79,0.2
snpSS00078,S96,0.8
snpSS00078,S111,0.3
snpSS00078,S153,0.5
snpSS00078,S30,0.4
snpSS00078,S46,0.4
snpSS00078,S98,0.7
snpSS00078,S112,0.5
snpSS00078,S137,0.4
snpSS00078,S172,0.4
snpSS00078,S4,0.5
snpSS00078,S31,0.3
snpSS00078,S48,0.2
snpSS00078,S99,0.5
snpSS00078,S115,0.2
snpSS00078,S139,0.5
snpSS00078,S5,0.3
snpSS00078,S34,0.5
snpSS00078,S49,0.3
snpSS00078,S102,0.5
snpSS00078,S116,0.4
snpSS00078,S143,0.4
snpSS00078,S36,0.3
snpSS00078,S53,0.3
snpSS00078,S103,0.8
snpSS00078,S119,0.2
snpSS00078,S145,0.3
snpSS00078,S38,0.5
snpSS00078,S61,0.3
snpSS00078,S104,0.2
snpSS00078,S122,0.4
snpSS00078,S146,0.2
snpSS00078,S207,0.4
snpSS00078,S23,0.5
snpSS00078,S40,0.3
snpSS00078,S68,0.4
snpSS00078,S90,0.3
snpSS00078,S106,0.4
snpSS00078,S129,0.1
snpSS00078,S150,0
snpSS00078,S28,0.3
snpSS00078,S43,0.4
snpSS00078,S73,0.2
snpSS00078,S93,0.4
snpSS00078,S110,0.3
snpSS00078,S130,0.4
snpSS00078,S151,0.4
snpSS00078,S215,0.4
snpSS00078,S29,0.6
snpSS00075,S2,1
snpSS00075,S29,0.7
snpSS00075,S45,0.4
snpSS00075,S79,0.6
snpSS00075,S96,0.2
snpSS00075,S111,0.7
snpSS00075,S153,0.3
snpSS00075,S30,0.4
snpSS00075,S46,0.4
snpSS00075,S98,0.3
snpSS00075,S112,0.5
snpSS00075,S137,0.5
snpSS00075,S172,0.7
snpSS00075,S4,0.5
snpSS00075,S31,0.9
snpSS00075,S48,0.6
snpSS00075,S99,0.6
snpSS00075,S115,0.3
snpSS00075,S139,0.8
snpSS00075,S5,0.7
snpSS00075,S34,0.2
snpSS00075,S49,0.3
snpSS00075,S102,0.8
snpSS00075,S116,0.5
snpSS00075,S143,0.6
snpSS00075,S36,0.5
snpSS00075,S53,0.6
snpSS00075,S103,0.8
snpSS00075,S119,0.7
snpSS00075,S145,0.6
snpSS00075,S38,0.6
snpSS00075,S61,0.4
snpSS00075,S104,0.7
snpSS00075,S122,0.6
snpSS00075,S146,0.6
snpSS00075,S207,0.4
snpSS00075,S23,0.4
snpSS00075,S40,0.6
snpSS00075,S68,0.7
snpSS00075,S90,0.5
snpSS00075,S106,0.9
snpSS00075,S129,0.9
snpSS00075,S150,0.3
snpSS00075,S28,0.4
snpSS00075,S43,0.6
snpSS00075,S73,0.3
snpSS00075,S93,0.7
snpSS00075,S110,0.6
snpSS00075,S130,0.6
snpSS00075,S151,0.4
snpSS00075,S215,0.8
snpSS00075,S29,0.7
snpSS00183,S2,0
snpSS00183,S29,0
snpSS00183,S45,0.2
snpSS00183,S79,0
snpSS00183,S96,0
snpSS00183,S111,0
snpSS00183,S132,1
snpSS00183,S153,0
snpSS00183,S3,1
snpSS00183,S30,0
snpSS00183,S46,0
snpSS00183,S137,0
snpSS00183,S172,0
snpSS00183,S4,0.6
snpSS00183,S31,0
snpSS00183,S48,0
snpSS00183,S99,0
snpSS00183,S115,0.5
snpSS00183,S139,1
snpSS00183,S5,0.3
snpSS00183,S34,0
snpSS00183,S49,0
snpSS00183,S102,0
snpSS00183,S116,0
snpSS00183,S143,0
snpSS00183,S36,0
snpSS00183,S53,0
snpSS00183,S103,1
snpSS00183,S145,0
snpSS00183,S38,0
snpSS00183,S61,0
snpSS00183,S104,0
snpSS00183,S122,0
snpSS00183,S146,0
snpSS00183,S23,0
snpSS00183,S40,0
snpSS00183,S68,0
snpSS00183,S90,0
snpSS00183,S106,0.4
snpSS00183,S129,0
snpSS00183,S150,0
snpSS00183,S28,0
snpSS00183,S43,0
snpSS00183,S73,0
snpSS00183,S93,1
snpSS00183,S130,0
snpSS00183,S151,0
snpSS00183,S215,0.5
snpSS00183,S29,0
snpSS00194,S2,1
snpSS00194,S29,0.8
snpSS00194,S45,0.6
snpSS00194,S79,0.7
snpSS00194,S96,0.8
snpSS00194,S111,0.8
snpSS00194,S132,0.7
snpSS00194,S153,0.6
snpSS00194,S3,0.8
snpSS00194,S30,0.6
snpSS00194,S46,0.6
snpSS00194,S98,0.8
snpSS00194,S112,0.7
snpSS00194,S137,0.8
snpSS00194,S172,0.6
snpSS00194,S4,0.6
snpSS00194,S31,0.6
snpSS00194,S48,0.7
snpSS00194,S99,0.8
snpSS00194,S115,0.4
snpSS00194,S139,1
snpSS00194,S5,0.6
snpSS00194,S34,0.6
snpSS00194,S49,0.8
snpSS00194,S102,0.8
snpSS00194,S116,0.5
snpSS00194,S143,0.8
snpSS00194,S36,0.7
snpSS00194,S53,0.6
snpSS00194,S103,1
snpSS00194,S119,0.6
snpSS00194,S145,0.8
snpSS00194,S38,0.6
snpSS00194,S61,0.5
snpSS00194,S104,0.7
snpSS00194,S122,0.8
snpSS00194,S146,0.8
snpSS00194,S207,0.6
snpSS00194,S23,0.6
snpSS00194,S40,0.7
snpSS00194,S68,0.7
snpSS00194,S90,0.6
snpSS00194,S106,0.8
snpSS00194,S129,0.8
snpSS00194,S150,0.7
snpSS00194,S28,0.6
snpSS00194,S43,0.7
snpSS00194,S73,0.5
snpSS00194,S93,0.8
snpSS00194,S110,0.8
snpSS00194,S130,0.8
snpSS00194,S151,0.6
snpSS00194,S215,0.7
snpSS00194,S29,0.8
snpSS00189,S2,1
snpSS00189,S29,0.9
snpSS00189,S45,0.7
snpSS00189,S79,0.7
snpSS00189,S96,0.5
snpSS00189,S111,0.8
snpSS00189,S153,0.7
snpSS00189,S30,0.7
snpSS00189,S46,0.4
snpSS00189,S98,0.6
snpSS00189,S112,0.7
snpSS00189,S137,0.7
snpSS00189,S172,0.6
snpSS00189,S4,0.6
snpSS00189,S31,0.6
snpSS00189,S48,0.7
snpSS00189,S99,0.5
snpSS00189,S115,0.7
snpSS00189,S139,1
snpSS00189,S5,0.9
snpSS00189,S34,0.6
snpSS00189,S49,0.8
snpSS00189,S102,0.7
snpSS00189,S116,0.8
snpSS00189,S143,0.8
snpSS00189,S36,0.7
snpSS00189,S53,0.9
snpSS00189,S103,1
snpSS00189,S119,0.8
snpSS00189,S145,0.8
snpSS00189,S38,0.7
snpSS00189,S61,0.7
snpSS00189,S104,0.6
snpSS00189,S122,0.6
snpSS00189,S146,0.7
snpSS00189,S207,0.8
snpSS00189,S23,0.6
snpSS00189,S40,0.7
snpSS00189,S68,0.5
snpSS00189,S90,0.7
snpSS00189,S106,0.7
snpSS00189,S129,0.7
snpSS00189,S150,0.6
snpSS00189,S28,0.6
snpSS00189,S43,0.6
snpSS00189,S73,0.8
snpSS00189,S93,0.7
snpSS00189,S110,0.9
snpSS00189,S130,0.7
snpSS00189,S151,0.7
snpSS00189,S215,0.8
snpSS00189,S29,0.9
snpSS00079,S2,1
snpSS00079,S29,1
snpSS00079,S45,0.9
snpSS00079,S79,1
snpSS00079,S96,0.8
snpSS00079,S111,1
snpSS00079,S132,0.4
snpSS00079,S153,0.8
snpSS00079,S3,0
snpSS00079,S30,0.9
snpSS00079,S46,1
snpSS00079,S98,0.8
snpSS00079,S112,1
snpSS00079,S137,0.9
snpSS00079,S172,1
snpSS00079,S4,0.8
snpSS00079,S31,1
snpSS00079,S48,1
snpSS00079,S99,0.8
snpSS00079,S115,0.9
snpSS00079,S139,1
snpSS00079,S5,0.9
snpSS00079,S34,1
snpSS00079,S49,0.9
snpSS00079,S102,0.8
snpSS00079,S116,0.9
snpSS00079,S143,0.9
snpSS00079,S36,0.9
snpSS00079,S53,0.9
snpSS00079,S103,1
snpSS00079,S119,0.9
snpSS00079,S145,1
snpSS00079,S38,0.9
snpSS00079,S61,0.8
snpSS00079,S104,0.9
snpSS00079,S122,0.9
snpSS00079,S146,0.9
snpSS00079,S207,1
snpSS00079,S23,0.9
snpSS00079,S40,0.9
snpSS00079,S68,0.9
snpSS00079,S90,0.8
snpSS00079,S106,0.9
snpSS00079,S129,0.8
snpSS00079,S150,0.8
snpSS00079,S28,0.9
snpSS00079,S43,1
snpSS00079,S73,1
snpSS00079,S93,0.9
snpSS00079,S110,1
snpSS00079,S130,0.9
snpSS00079,S151,0.9
snpSS00079,S215,0.9
snpSS00079,S29,1
snpSS00090,S2,0.8
snpSS00090,S29,0.3
snpSS00090,S45,0.4
snpSS00090,S79,0.2
snpSS00090,S96,0.3
snpSS00090,S111,0.6
snpSS00090,S153,0.4
snpSS00090,S30,0.1
snpSS00090,S46,0.2
snpSS00090,S98,0.2
snpSS00090,S112,0.3
snpSS00090,S137,0.4
snpSS00090,S172,0.2
snpSS00090,S4,0.5
snpSS00090,S31,0.2
snpSS00090,S48,0.3
snpSS00090,S99,0.3
snpSS00090,S115,0.3
snpSS00090,S139,0.4
snpSS00090,S5,0.2
snpSS00090,S34,0
snpSS00090,S49,0.3
snpSS00090,S102,0.4
snpSS00090,S116,0.2
snpSS00090,S143,0.5
snpSS00090,S36,0.3
snpSS00090,S53,0.4
snpSS00090,S103,0.2
snpSS00090,S119,0.2
snpSS00090,S145,0.3
snpSS00090,S38,0.1
snpSS00090,S61,0.3
snpSS00090,S104,0.4
snpSS00090,S122,0.2
snpSS00090,S146,0.3
snpSS00090,S207,0.1
snpSS00090,S23,0.3
snpSS00090,S40,0.5
snpSS00090,S68,0.4
snpSS00090,S90,0.4
snpSS00090,S106,0.8
snpSS00090,S129,0.5
snpSS00090,S150,0.3
snpSS00090,S28,0.6
snpSS00090,S43,0.3
snpSS00090,S73,0.5
snpSS00090,S93,0.3
snpSS00090,S110,0.4
snpSS00090,S130,0.4
snpSS00090,S151,0.1
snpSS00090,S215,0.3
snpSS00090,S29,0.3
snpSS00193,S2,1
snpSS00193,S29,0.4
snpSS00193,S45,0.6
snpSS00193,S79,0.6
snpSS00193,S96,0.7
snpSS00193,S111,1
snpSS00193,S132,1
snpSS00193,S153,0.5
snpSS00193,S3,1
snpSS00193,S30,0.7
snpSS00193,S46,0.6
snpSS00193,S98,0.4
snpSS00193,S112,0.8
snpSS00193,S137,0.8
snpSS00193,S172,0.8
snpSS00193,S4,0.7
snpSS00193,S31,0.7
snpSS00193,S48,0.5
snpSS00193,S99,0.6
snpSS00193,S115,0.8
snpSS00193,S139,0.7
snpSS00193,S5,0.5
snpSS00193,S34,0.4
snpSS00193,S49,0.5
snpSS00193,S102,0.7
snpSS00193,S116,0.5
snpSS00193,S143,0.8
snpSS00193,S36,0.7
snpSS00193,S53,0.8
snpSS00193,S103,0.8
snpSS00193,S119,0.8
snpSS00193,S145,0.7
snpSS00193,S38,0.8
snpSS00193,S61,0.5
snpSS00193,S104,0.8
snpSS00193,S122,0.7
snpSS00193,S146,0.6
snpSS00193,S207,0.7
snpSS00193,S23,0.8
snpSS00193,S40,0.6
snpSS00193,S68,0.9
snpSS00193,S90,0.3
snpSS00193,S106,1
snpSS00193,S129,0.5
snpSS00193,S150,0.7
snpSS00193,S28,0.8
snpSS00193,S43,0.7
snpSS00193,S73,0.7
snpSS00193,S93,0.8
snpSS00193,S110,1
snpSS00193,S130,0.8
snpSS00193,S151,0.5
snpSS00193,S215,0.9
snpSS00193,S29,0.4
snpSS00192,S2,1
snpSS00192,S29,0.5
snpSS00192,S45,0.6
snpSS00192,S79,0.8
snpSS00192,S96,0.6
snpSS00192,S111,1
snpSS00192,S132,1
snpSS00192,S153,0.5
snpSS00192,S3,1
snpSS00192,S30,0.9
snpSS00192,S46,0.5
snpSS00192,S98,0.7
snpSS00192,S112,0.8
snpSS00192,S137,0.6
snpSS00192,S172,0.7
snpSS00192,S4,0.8
snpSS00192,S31,0.6
snpSS00192,S48,0.6
snpSS00192,S99,0.7
snpSS00192,S115,0.6
snpSS00192,S139,0.7
snpSS00192,S5,0.6
snpSS00192,S34,0.7
snpSS00192,S49,0.8
snpSS00192,S102,0.6
snpSS00192,S116,0.8
snpSS00192,S143,0.5
snpSS00192,S36,0.8
snpSS00192,S53,0.8
snpSS00192,S103,0.7
snpSS00192,S119,0.8
snpSS00192,S145,0.5
snpSS00192,S38,0.7
snpSS00192,S61,0.7
snpSS00192,S104,0.8
snpSS00192,S122,0.4
snpSS00192,S146,0.8
snpSS00192,S207,0.7
snpSS00192,S23,0.8
snpSS00192,S40,0.6
snpSS00192,S68,0.7
snpSS00192,S90,0.5
snpSS00192,S106,0.9
snpSS00192,S129,0.7
snpSS00192,S150,0.7
snpSS00192,S28,0.8
snpSS00192,S43,0.7
snpSS00192,S73,0.6
snpSS00192,S93,0.9
snpSS00192,S110,1
snpSS00192,S130,0.7
snpSS00192,S151,0.8
snpSS00192,S215,0.9
snpSS00192,S29,0.5
snpSS00086,S2,1
snpSS00086,S29,0.8
snpSS00086,S45,0.8
snpSS00086,S79,1
snpSS00086,S96,0.9
snpSS00086,S111,1
snpSS00086,S132,0.2
snpSS00086,S153,0.9
snpSS00086,S3,0.7
snpSS00086,S30,1
snpSS00086,S46,0.9
snpSS00086,S98,1
snpSS00086,S112,1
snpSS00086,S137,1
snpSS00086,S172,1
snpSS00086,S4,1
snpSS00086,S31,1
snpSS00086,S48,0.9
snpSS00086,S99,1
snpSS00086,S115,1
snpSS00086,S139,0.8
snpSS00086,S5,1
snpSS00086,S34,1
snpSS00086,S49,1
snpSS00086,S102,0.8
snpSS00086,S116,0.8
snpSS00086,S143,0.9
snpSS00086,S36,0.8
snpSS00086,S53,1
snpSS00086,S103,0.9
snpSS00086,S119,0.9
snpSS00086,S145,1
snpSS00086,S38,1
snpSS00086,S61,0.9
snpSS00086,S104,1
snpSS00086,S122,0.9
snpSS00086,S146,1
snpSS00086,S207,1
snpSS00086,S23,1
snpSS00086,S40,1
snpSS00086,S68,0.9
snpSS00086,S90,0.9
snpSS00086,S106,1
snpSS00086,S129,1
snpSS00086,S150,0.9
snpSS00086,S28,1
snpSS00086,S43,1
snpSS00086,S73,1
snpSS00086,S93,0.9
snpSS00086,S110,1
snpSS00086,S130,1
snpSS00086,S151,0.9
snpSS00086,S215,1
snpSS00086,S29,0.8
snpSS00195,S2,1
snpSS00195,S29,0.3
snpSS00195,S45,0.6
snpSS00195,S79,0.5
snpSS00195,S96,0.4
snpSS00195,S111,0.5
snpSS00195,S153,0.5
snpSS00195,S30,0.5
snpSS00195,S46,0.5
snpSS00195,S98,0.8
snpSS00195,S112,0.5
snpSS00195,S137,0.5
snpSS00195,S172,0.2
snpSS00195,S4,0.7
snpSS00195,S31,0.6
snpSS00195,S48,0.5
snpSS00195,S99,0.6
snpSS00195,S115,0.7
snpSS00195,S139,0.6
snpSS00195,S5,0.8
snpSS00195,S34,0.4
snpSS00195,S49,0.4
snpSS00195,S102,0.5
snpSS00195,S116,0.6
snpSS00195,S143,0.3
snpSS00195,S36,0.5
snpSS00195,S53,0.6
snpSS00195,S103,0.6
snpSS00195,S119,0.4
snpSS00195,S145,0.4
snpSS00195,S38,0.5
snpSS00195,S61,0.5
snpSS00195,S104,0.8
snpSS00195,S122,0.1
snpSS00195,S146,0.6
snpSS00195,S207,0.7
snpSS00195,S23,0.6
snpSS00195,S40,0.9
snpSS00195,S68,0.4
snpSS00195,S90,0.8
snpSS00195,S106,1
snpSS00195,S129,0.4
snpSS00195,S150,0.6
snpSS00195,S28,0.5
snpSS00195,S43,0.8
snpSS00195,S73,0.4
snpSS00195,S93,0.4
snpSS00195,S110,0.6
snpSS00195,S130,0.4
snpSS00195,S151,0.4
snpSS00195,S215,0.4
snpSS00195,S29,0.3
snpSS00084,S2,0.4
snpSS00084,S29,0.6
snpSS00084,S45,0.6
snpSS00084,S79,0.6
snpSS00084,S96,0.6
snpSS00084,S111,0.4
snpSS00084,S153,0.8
snpSS00084,S30,0.7
snpSS00084,S46,0.4
snpSS00084,S98,0.5
snpSS00084,S112,0.9
snpSS00084,S137,0.5
snpSS00084,S172,0.8
snpSS00084,S4,0.5
snpSS00084,S31,0.7
snpSS00084,S48,0.5
snpSS00084,S99,0.7
snpSS00084,S115,0.8
snpSS00084,S139,0.5
snpSS00084,S5,0.3
snpSS00084,S34,0.8
snpSS00084,S49,0.7
snpSS00084,S102,0.7
snpSS00084,S116,0.7
snpSS00084,S143,0.8
snpSS00084,S36,0.5
snpSS00084,S53,0.6
snpSS00084,S103,0.6
snpSS00084,S119,0.8
snpSS00084,S145,0.7
snpSS00084,S38,0.6
snpSS00084,S61,0.6
snpSS00084,S104,0.4
snpSS00084,S122,0.7
snpSS00084,S146,0.6
snpSS00084,S207,0.8
snpSS00084,S23,0.7
snpSS00084,S40,0.4
snpSS00084,S68,0.5
snpSS00084,S90,0.7
snpSS00084,S106,0.1
snpSS00084,S129,0.6
snpSS00084,S150,0.7
snpSS00084,S28,0.6
snpSS00084,S43,0.4
snpSS00084,S73,0.9
snpSS00084,S93,0.8
snpSS00084,S110,0.5
snpSS00084,S130,0.9
snpSS00084,S151,0.4
snpSS00084,S215,0.7
snpSS00084,S29,0.6
snpSS00081,S2,0.7
snpSS00081,S29,0.3
snpSS00081,S45,0.5
snpSS00081,S79,0.3
snpSS00081,S96,0.1
snpSS00081,S111,0.6
snpSS00081,S132,0
snpSS00081,S153,0.2
snpSS00081,S3,0
snpSS00081,S30,0.3
snpSS00081,S46,0.3
snpSS00081,S98,0.3
snpSS00081,S112,0.2
snpSS00081,S137,0.3
snpSS00081,S172,0.4
snpSS00081,S4,0.3
snpSS00081,S31,0.4
snpSS00081,S48,0.5
snpSS00081,S99,0.3
snpSS00081,S115,0.3
snpSS00081,S139,0.2
snpSS00081,S5,0.3
snpSS00081,S34,0.3
snpSS00081,S49,0.2
snpSS00081,S102,0.3
snpSS00081,S116,0.3
snpSS00081,S143,0.4
snpSS00081,S36,0.3
snpSS00081,S53,0.3
snpSS00081,S103,0.4
snpSS00081,S119,0.2
snpSS00081,S145,0.2
snpSS00081,S38,0.3
snpSS00081,S61,0.3
snpSS00081,S104,0.5
snpSS00081,S122,0.2
snpSS00081,S146,0.1
snpSS00081,S207,0.1
snpSS00081,S23,0.4
snpSS00081,S40,0.2
snpSS00081,S68,0.3
snpSS00081,S90,0.1
snpSS00081,S106,0.6
snpSS00081,S129,0.3
snpSS00081,S150,0.3
snpSS00081,S28,0.3
snpSS00081,S43,0.5
snpSS00081,S73,0.2
snpSS00081,S93,0.2
snpSS00081,S110,0.5
snpSS00081,S130,0.3
snpSS00081,S151,0.3
snpSS00081,S215,0.2
snpSS00081,S29,0.3
snpSS00082,S2,0.3
snpSS00082,S29,1
snpSS00082,S45,0.2
snpSS00082,S79,0
snpSS00082,S111,0.3
snpSS00082,S153,0.6
snpSS00082,S30,0.5
snpSS00082,S46,0
snpSS00082,S98,1
snpSS00082,S112,0.3
snpSS00082,S172,0
snpSS00082,S4,0.5
snpSS00082,S31,0.4
snpSS00082,S48,0.5
snpSS00082,S115,0.3
snpSS00082,S139,0.1
snpSS00082,S5,0
snpSS00082,S34,0.5
snpSS00082,S49,0.5
snpSS00082,S102,1
snpSS00082,S116,1
snpSS00082,S143,1
snpSS00082,S36,0
snpSS00082,S103,0.3
snpSS00082,S119,1
snpSS00082,S104,0
snpSS00082,S122,0
snpSS00082,S146,0.4
snpSS00082,S207,1
snpSS00082,S23,0
snpSS00082,S40,1
snpSS00082,S68,0.5
snpSS00082,S90,0.3
snpSS00082,S106,0.4
snpSS00082,S129,0.3
snpSS00082,S150,1
snpSS00082,S28,0.2
snpSS00082,S43,0.4
snpSS00082,S73,0.3
snpSS00082,S93,1
snpSS00082,S110,0.3
snpSS00082,S130,1
snpSS00082,S151,1
snpSS00082,S215,1
snpSS00082,S29,1
snpSS00083,S2,1
snpSS00083,S29,0.6
snpSS00083,S45,0.4
snpSS00083,S79,0.4
snpSS00083,S96,0.5
snpSS00083,S111,0.8
snpSS00083,S132,0.2
snpSS00083,S153,0.7
snpSS00083,S3,0.4
snpSS00083,S30,0.4
snpSS00083,S46,0.3
snpSS00083,S98,0.4
snpSS00083,S112,0.4
snpSS00083,S137,0.3
snpSS00083,S172,0.5
snpSS00083,S4,0.6
snpSS00083,S31,0.5
snpSS00083,S48,0.9
snpSS00083,S99,0.5
snpSS00083,S115,0.4
snpSS00083,S139,0.5
snpSS00083,S5,0.5
snpSS00083,S34,0.3
snpSS00083,S49,0.3
snpSS00083,S102,0.5
snpSS00083,S116,0.3
snpSS00083,S143,0.2
snpSS00083,S36,0.3
snpSS00083,S53,0.3
snpSS00083,S103,0.3
snpSS00083,S119,0.4
snpSS00083,S145,0.2
snpSS00083,S38,0.1
snpSS00083,S61,0.2
snpSS00083,S104,0.7
snpSS00083,S122,0.2
snpSS00083,S146,0.4
snpSS00083,S207,0.5
snpSS00083,S23,0.5
snpSS00083,S40,0.2
snpSS00083,S68,0.5
snpSS00083,S90,0.3
snpSS00083,S106,0.7
snpSS00083,S129,0.5
snpSS00083,S150,0.2
snpSS00083,S28,0.4
snpSS00083,S43,0.5
snpSS00083,S73,0.3
snpSS00083,S93,0.4
snpSS00083,S110,0.7
snpSS00083,S130,0.2
snpSS00083,S151,0
snpSS00083,S215,0.2
snpSS00083,S29,0.6
snpSS00088,S2,1
snpSS00088,S29,1
snpSS00088,S45,1
snpSS00088,S79,0.9
snpSS00088,S96,1
snpSS00088,S111,1
snpSS00088,S132,1
snpSS00088,S153,0.9
snpSS00088,S3,0.7
snpSS00088,S30,1
snpSS00088,S46,1
snpSS00088,S98,1
snpSS00088,S112,0.9
snpSS00088,S137,0.8
snpSS00088,S172,0.9
snpSS00088,S4,1
snpSS00088,S31,0.7
snpSS00088,S48,0.9
snpSS00088,S99,1
snpSS00088,S115,0.9
snpSS00088,S139,1
snpSS00088,S5,0.8
snpSS00088,S34,0.8
snpSS00088,S49,0.9
snpSS00088,S102,1
snpSS00088,S116,1
snpSS00088,S143,0.8
snpSS00088,S36,0.9
snpSS00088,S53,0.8
snpSS00088,S103,1
snpSS00088,S119,1
snpSS00088,S145,0.9
snpSS00088,S38,0.7
snpSS00088,S61,1
snpSS00088,S104,1
snpSS00088,S122,0.6
snpSS00088,S146,0.8
snpSS00088,S207,0.8
snpSS00088,S23,0.9
snpSS00088,S40,0.8
snpSS00088,S68,0.8
snpSS00088,S90,1
snpSS00088,S106,1
snpSS00088,S129,1
snpSS00088,S150,0.9
snpSS00088,S28,0.9
snpSS00088,S43,1
snpSS00088,S73,0.9
snpSS00088,S93,0.7
snpSS00088,S110,1
snpSS00088,S130,0.8
snpSS00088,S151,1
snpSS00088,S215,0.9
snpSS00088,S29,1
snpSS00018,S2,0.6
snpSS00018,S29,0.7
snpSS00018,S45,0.8
snpSS00018,S79,0.9
snpSS00018,S96,0.8
snpSS00018,S111,1
snpSS00018,S132,1
snpSS00018,S153,0.8
snpSS00018,S3,1
snpSS00018,S30,0.9
snpSS00018,S46,1
snpSS00018,S98,0.9
snpSS00018,S112,0.9
snpSS00018,S137,1
snpSS00018,S172,0.8
snpSS00018,S4,0.9
snpSS00018,S31,0.9
snpSS00018,S48,0.8
snpSS00018,S99,0.8
snpSS00018,S115,1
snpSS00018,S139,1
snpSS00018,S5,0.9
snpSS00018,S34,1
snpSS00018,S49,0.9
snpSS00018,S102,1
snpSS00018,S116,0.9
snpSS00018,S143,0.8
snpSS00018,S36,1
snpSS00018,S53,0.8
snpSS00018,S103,1
snpSS00018,S119,0.9
snpSS00018,S145,1
snpSS00018,S38,0.9
snpSS00018,S61,0.9
snpSS00018,S104,1
snpSS00018,S122,0.9
snpSS00018,S146,0.9
snpSS00018,S207,0.7
snpSS00018,S23,1
snpSS00018,S40,0.9
snpSS00018,S68,0.8
snpSS00018,S90,0.8
snpSS00018,S106,0.8
snpSS00018,S129,1
snpSS00018,S150,0.9
snpSS00018,S28,0.9
snpSS00018,S43,0.9
snpSS00018,S73,0.9
snpSS00018,S93,0.8
snpSS00018,S110,1
snpSS00018,S130,0.8
snpSS00018,S151,0.9
snpSS00018,S215,0.9
snpSS00018,S29,0.7
snpSS00014,S2,1
snpSS00014,S29,1
snpSS00014,S45,1
snpSS00014,S79,0.8
snpSS00014,S96,0.9
snpSS00014,S111,1
snpSS00014,S153,0.7
snpSS00014,S30,1
snpSS00014,S46,0.9
snpSS00014,S112,1
snpSS00014,S137,0.8
snpSS00014,S172,0.8
snpSS00014,S4,1
snpSS00014,S31,0.9
snpSS00014,S48,1
snpSS00014,S99,1
snpSS00014,S115,1
snpSS00014,S139,1
snpSS00014,S5,0.9
snpSS00014,S34,0.8
snpSS00014,S49,1
snpSS00014,S102,1
snpSS00014,S116,1
snpSS00014,S143,1
snpSS00014,S36,0.6
snpSS00014,S53,0.8
snpSS00014,S103,0.7
snpSS00014,S119,1
snpSS00014,S145,0.8
snpSS00014,S38,0.8
snpSS00014,S61,1
snpSS00014,S104,1
snpSS00014,S122,0.8
snpSS00014,S146,1
snpSS00014,S207,0.9
snpSS00014,S23,0.9
snpSS00014,S40,0.8
snpSS00014,S68,0.9
snpSS00014,S90,1
snpSS00014,S106,0.6
snpSS00014,S129,1
snpSS00014,S150,0.9
snpSS00014,S28,0.8
snpSS00014,S43,0.9
snpSS00014,S73,1
snpSS00014,S93,0.9
snpSS00014,S110,0.9
snpSS00014,S130,1
snpSS00014,S151,1
snpSS00014,S215,0.8
snpSS00014,S29,1
snpSS00015,S2,0.7
snpSS00015,S29,0.9
snpSS00015,S45,1
snpSS00015,S79,0.9
snpSS00015,S96,1
snpSS00015,S111,0.8
snpSS00015,S153,1
snpSS00015,S30,0.8
snpSS00015,S46,0.8
snpSS00015,S98,0.8
snpSS00015,S112,1
snpSS00015,S137,1
snpSS00015,S172,1
snpSS00015,S4,1
snpSS00015,S31,1
snpSS00015,S48,1
snpSS00015,S99,1
snpSS00015,S115,0.8
snpSS00015,S139,1
snpSS00015,S5,1
snpSS00015,S34,1
snpSS00015,S49,1
snpSS00015,S102,1
snpSS00015,S116,0.8
snpSS00015,S143,1
snpSS00015,S36,1
snpSS00015,S53,1
snpSS00015,S103,1
snpSS00015,S119,1
snpSS00015,S145,1
snpSS00015,S38,1
snpSS00015,S61,1
snpSS00015,S104,0.7
snpSS00015,S122,1
snpSS00015,S146,1
snpSS00015,S207,1
snpSS00015,S23,1
snpSS00015,S40,1
snpSS00015,S68,0.8
snpSS00015,S90,1
snpSS00015,S106,1
snpSS00015,S129,1
snpSS00015,S150,1
snpSS00015,S28,1
snpSS00015,S43,1
snpSS00015,S73,0.8
snpSS00015,S93,1
snpSS00015,S110,0.9
snpSS00015,S130,1
snpSS00015,S151,1
snpSS00015,S215,1
snpSS00015,S29,0.9
snpSS00022,S2,0.9
snpSS00022,S29,1
snpSS00022,S45,0.9
snpSS00022,S79,0.9
snpSS00022,S96,0.9
snpSS00022,S111,0.9
snpSS00022,S132,1
snpSS00022,S153,0.9
snpSS00022,S3,1
snpSS00022,S30,0.9
snpSS00022,S46,1
snpSS00022,S98,1
snpSS00022,S112,1
snpSS00022,S137,0.9
snpSS00022,S172,1
snpSS00022,S4,0.9
snpSS00022,S31,0.9
snpSS00022,S48,0.8
snpSS00022,S99,0.9
snpSS00022,S115,0.9
snpSS00022,S139,1
snpSS00022,S5,0.9
snpSS00022,S34,0.9
snpSS00022,S49,0.9
snpSS00022,S102,0.9
snpSS00022,S116,1
snpSS00022,S143,0.9
snpSS00022,S36,0.9
snpSS00022,S53,0.9
snpSS00022,S103,1
snpSS00022,S119,0.9
snpSS00022,S145,1
snpSS00022,S38,0.9
snpSS00022,S61,0.9
snpSS00022,S104,1
snpSS00022,S122,0.9
snpSS00022,S146,1
snpSS00022,S207,0.9
snpSS00022,S23,0.9
snpSS00022,S40,0.9
snpSS00022,S68,0.9
snpSS00022,S90,0.9
snpSS00022,S106,1
snpSS00022,S129,0.9
snpSS00022,S150,0.9
snpSS00022,S28,0.9
snpSS00022,S43,1
snpSS00022,S73,0.9
snpSS00022,S93,0.9
snpSS00022,S110,0.9
snpSS00022,S130,0.9
snpSS00022,S151,1
snpSS00022,S215,1
snpSS00022,S29,1
snpSS00016,S2,1
snpSS00016,S2,1
snpSS00016,S2,1
snpSS00016,S2,1
snpSS00016,S29,1
snpSS00016,S29,1
snpSS00016,S29,1
snpSS00016,S29,1
snpSS00016,S45,1
snpSS00016,S45,1
snpSS00016,S45,1
snpSS00016,S45,1
snpSS00016,S79,1
snpSS00016,S79,1
snpSS00016,S79,1
snpSS00016,S79,1
snpSS00016,S96,1
snpSS00016,S96,1
snpSS00016,S96,1
snpSS00016,S96,1
snpSS00016,S111,0.9
snpSS00016,S111,0.9
snpSS00016,S111,0.9
snpSS00016,S111,0.9
snpSS00016,S132,1
snpSS00016,S132,1
snpSS00016,S132,1
snpSS00016,S132,1
snpSS00016,S153,1
snpSS00016,S153,1
snpSS00016,S153,1
snpSS00016,S153,1
snpSS00016,S3,1
snpSS00016,S3,1
snpSS00016,S3,1
snpSS00016,S3,1
snpSS00016,S30,0.9
snpSS00016,S30,0.9
snpSS00016,S30,0.9
snpSS00016,S30,0.9
snpSS00016,S46,1
snpSS00016,S46,1
snpSS00016,S46,1
snpSS00016,S46,1
snpSS00016,S98,0.7
snpSS00016,S98,0.7
snpSS00016,S98,0.7
snpSS00016,S98,0.7
snpSS00016,S112,0.9
snpSS00016,S112,0.9
snpSS00016,S112,0.9
snpSS00016,S112,0.9
snpSS00016,S137,0.9
snpSS00016,S137,0.9
snpSS00016,S137,0.9
snpSS00016,S137,0.9
snpSS00016,S172,1
snpSS00016,S172,1
snpSS00016,S172,1
snpSS00016,S172,1
snpSS00016,S4,0.9
snpSS00016,S4,0.9
snpSS00016,S4,0.9
snpSS00016,S4,0.9
snpSS00016,S31,1
snpSS00016,S31,1
snpSS00016,S31,1
snpSS00016,S31,1
snpSS00016,S48,0.9
snpSS00016,S48,0.9
snpSS00016,S48,0.9
snpSS00016,S48,0.9
snpSS00016,S99,0.8
snpSS00016,S99,0.8
snpSS00016,S99,0.8
snpSS00016,S99,0.8
snpSS00016,S115,0.9
snpSS00016,S115,0.9
snpSS00016,S115,0.9
snpSS00016,S115,0.9
snpSS00016,S139,1
snpSS00016,S139,1
snpSS00016,S139,1
snpSS00016,S139,1
snpSS00016,S5,0.9
snpSS00016,S5,0.9
snpSS00016,S5,0.9
snpSS00016,S5,0.9
snpSS00016,S34,0.9
snpSS00016,S34,0.9
snpSS00016,S34,0.9
snpSS00016,S34,0.9
snpSS00016,S49,1
snpSS00016,S49,1
snpSS00016,S49,1
snpSS00016,S49,1
snpSS00016,S102,0.9
snpSS00016,S102,0.9
snpSS00016,S102,0.9
snpSS00016,S102,0.9
snpSS00016,S116,0.9
snpSS00016,S116,0.9
snpSS00016,S116,0.9
snpSS00016,S116,0.9
snpSS00016,S143,0.9
snpSS00016,S143,0.9
snpSS00016,S143,0.9
snpSS00016,S143,0.9
snpSS00016,S36,1
snpSS00016,S36,1
snpSS00016,S36,1
snpSS00016,S36,1
snpSS00016,S53,1
snpSS00016,S53,1
snpSS00016,S53,1
snpSS00016,S53,1
snpSS00016,S103,1
snpSS00016,S103,1
snpSS00016,S103,1
snpSS00016,S103,1
snpSS00016,S119,1
snpSS00016,S119,1
snpSS00016,S119,1
snpSS00016,S119,1
snpSS00016,S145,1
snpSS00016,S145,1
snpSS00016,S145,1
snpSS00016,S145,1
snpSS00016,S38,0.8
snpSS00016,S38,0.8
snpSS00016,S38,0.8
snpSS00016,S38,0.8
snpSS00016,S61,1
snpSS00016,S61,1
snpSS00016,S61,1
snpSS00016,S61,1
snpSS00016,S104,0.7
snpSS00016,S104,0.7
snpSS00016,S104,0.7
snpSS00016,S104,0.7
snpSS00016,S122,1
snpSS00016,S122,1
snpSS00016,S122,1
snpSS00016,S122,1
snpSS00016,S146,0.9
snpSS00016,S146,0.9
snpSS00016,S146,0.9
snpSS00016,S146,0.9
snpSS00016,S207,0.9
snpSS00016,S207,0.9
snpSS00016,S207,0.9
snpSS00016,S207,0.9
snpSS00016,S23,1
snpSS00016,S23,1
snpSS00016,S23,1
snpSS00016,S23,1
snpSS00016,S40,1
snpSS00016,S40,1
snpSS00016,S40,1
snpSS00016,S40,1
snpSS00016,S68,1
snpSS00016,S68,1
snpSS00016,S68,1
snpSS00016,S68,1
snpSS00016,S90,0.8
snpSS00016,S90,0.8
snpSS00016,S90,0.8
snpSS00016,S90,0.8
snpSS00016,S106,0.9
snpSS00016,S106,0.9
snpSS00016,S106,0.9
snpSS00016,S106,0.9
snpSS00016,S129,0.9
snpSS00016,S129,0.9
snpSS00016,S129,0.9
snpSS00016,S129,0.9
snpSS00016,S150,0.8
snpSS00016,S150,0.8
snpSS00016,S150,0.8
snpSS00016,S150,0.8
snpSS00016,S28,0.9
snpSS00016,S28,0.9
snpSS00016,S28,0.9
snpSS00016,S28,0.9
snpSS00016,S43,0.8
snpSS00016,S43,0.8
snpSS00016,S43,0.8
snpSS00016,S43,0.8
snpSS00016,S73,0.9
snpSS00016,S73,0.9
snpSS00016,S73,0.9
snpSS00016,S73,0.9
snpSS00016,S93,1
snpSS00016,S93,1
snpSS00016,S93,1
snpSS00016,S93,1
snpSS00016,S110,1
snpSS00016,S110,1
snpSS00016,S110,1
snpSS00016,S110,1
snpSS00016,S130,0.9
snpSS00016,S130,0.9
snpSS00016,S130,0.9
snpSS00016,S130,0.9
snpSS00016,S151,0.8
snpSS00016,S151,0.8
snpSS00016,S151,0.8
snpSS00016,S151,0.8
snpSS00016,S215,1
snpSS00016,S215,1
snpSS00016,S215,1
snpSS00016,S215,1
snpSS00016,S29,1
snpSS00016,S29,1
snpSS00016,S29,1
snpSS00016,S29,1
snpSS00024,S2,1
snpSS00024,S29,0.9
snpSS00024,S45,1
snpSS00024,S79,0.8
snpSS00024,S96,0.9
snpSS00024,S111,1
snpSS00024,S132,1
snpSS00024,S153,1
snpSS00024,S3,1
snpSS00024,S30,0.9
snpSS00024,S46,0.9
snpSS00024,S98,0.9
snpSS00024,S112,0.9
snpSS00024,S137,0.7
snpSS00024,S172,0.9
snpSS00024,S4,1
snpSS00024,S31,0.8
snpSS00024,S48,0.9
snpSS00024,S99,1
snpSS00024,S115,1
snpSS00024,S139,1
snpSS00024,S5,0.9
snpSS00024,S34,1
snpSS00024,S49,0.8
snpSS00024,S102,1
snpSS00024,S116,0.9
snpSS00024,S143,0.9
snpSS00024,S36,0.9
snpSS00024,S53,0.8
snpSS00024,S103,1
snpSS00024,S119,1
snpSS00024,S145,0.9
snpSS00024,S38,0.8
snpSS00024,S61,0.9
snpSS00024,S104,1
snpSS00024,S122,0.9
snpSS00024,S146,0.9
snpSS00024,S207,0.9
snpSS00024,S23,0.9
snpSS00024,S40,0.9
snpSS00024,S68,0.9
snpSS00024,S90,0.9
snpSS00024,S106,1
snpSS00024,S129,1
snpSS00024,S150,1
snpSS00024,S28,1
snpSS00024,S43,1
snpSS00024,S73,0.9
snpSS00024,S93,0.9
snpSS00024,S130,0.9
snpSS00024,S151,1
snpSS00024,S215,1
snpSS00024,S29,0.9
snpSS00098,S2,0
snpSS00098,S29,0.4
snpSS00098,S45,0.1
snpSS00098,S79,0.2
snpSS00098,S96,0.5
snpSS00098,S111,0
snpSS00098,S153,0.2
snpSS00098,S3,0
snpSS00098,S30,0.5
snpSS00098,S46,0.2
snpSS00098,S98,0.4
snpSS00098,S112,0.2
snpSS00098,S137,0.6
snpSS00098,S172,0.1
snpSS00098,S4,0.2
snpSS00098,S31,0.4
snpSS00098,S48,0.5
snpSS00098,S99,0.2
snpSS00098,S115,0.6
snpSS00098,S139,1
snpSS00098,S5,0
snpSS00098,S34,0.5
snpSS00098,S49,0.5
snpSS00098,S102,0.3
snpSS00098,S116,0.3
snpSS00098,S143,0.3
snpSS00098,S36,0.4
snpSS00098,S53,0.2
snpSS00098,S103,0.1
snpSS00098,S119,0.4
snpSS00098,S145,0.2
snpSS00098,S38,0.5
snpSS00098,S61,0.2
snpSS00098,S104,0.3
snpSS00098,S122,0.5
snpSS00098,S146,0.3
snpSS00098,S207,0.1
snpSS00098,S23,0
snpSS00098,S40,0.5
snpSS00098,S68,0.1
snpSS00098,S90,0.4
snpSS00098,S106,0.3
snpSS00098,S129,0.3
snpSS00098,S150,0.4
snpSS00098,S28,0.2
snpSS00098,S43,0.3
snpSS00098,S73,0.1
snpSS00098,S93,0.4
snpSS00098,S130,0.2
snpSS00098,S151,0.4
snpSS00098,S215,0.5
snpSS00098,S29,0.4
snpSS00092,S2,0.8
snpSS00092,S29,0.5
snpSS00092,S45,0.4
snpSS00092,S79,0.3
snpSS00092,S96,0.6
snpSS00092,S111,0.5
snpSS00092,S153,0.8
snpSS00092,S3,1
snpSS00092,S30,0.3
snpSS00092,S46,0.4
snpSS00092,S98,0.3
snpSS00092,S112,0.9
snpSS00092,S137,0.6
snpSS00092,S172,0.5
snpSS00092,S4,0.3
snpSS00092,S31,0.6
snpSS00092,S48,0.7
snpSS00092,S99,0.5
snpSS00092,S115,0.5
snpSS00092,S139,0.4
snpSS00092,S5,0.1
snpSS00092,S34,0.7
snpSS00092,S49,0.3
snpSS00092,S102,0.6
snpSS00092,S116,0.5
snpSS00092,S143,0.7
snpSS00092,S36,0.2
snpSS00092,S53,0.5
snpSS00092,S103,0.5
snpSS00092,S119,0.3
snpSS00092,S145,0.6
snpSS00092,S38,0.4
snpSS00092,S61,0.5
snpSS00092,S104,0.3
snpSS00092,S122,0.7
snpSS00092,S146,0.6
snpSS00092,S207,0.5
snpSS00092,S23,0.4
snpSS00092,S40,0.4
snpSS00092,S68,0.6
snpSS00092,S90,0.4
snpSS00092,S106,0.7
snpSS00092,S129,0.4
snpSS00092,S150,0.5
snpSS00092,S28,0.7
snpSS00092,S43,0.7
snpSS00092,S73,0.3
snpSS00092,S93,0.4
snpSS00092,S110,0.1
snpSS00092,S130,0.6
snpSS00092,S215,0.4
snpSS00092,S29,0.5
snpSS00106,S2,0.8
snpSS00106,S29,0.6
snpSS00106,S45,0.4
snpSS00106,S79,0.5
snpSS00106,S96,0.5
snpSS00106,S111,0.1
snpSS00106,S153,0.5
snpSS00106,S30,0.5
snpSS00106,S46,0.4
snpSS00106,S98,0.7
snpSS00106,S112,0.4
snpSS00106,S137,0.4
snpSS00106,S172,0.5
snpSS00106,S4,0.5
snpSS00106,S31,0.3
snpSS00106,S48,0.8
snpSS00106,S99,0.3
snpSS00106,S115,0.2
snpSS00106,S139,0.4
snpSS00106,S5,0.1
snpSS00106,S34,0.7
snpSS00106,S49,0.4
snpSS00106,S102,0.5
snpSS00106,S116,0.3
snpSS00106,S143,0.5
snpSS00106,S36,0.3
snpSS00106,S53,0.5
snpSS00106,S103,0.2
snpSS00106,S119,0.3
snpSS00106,S145,0.3
snpSS00106,S38,0.3
snpSS00106,S61,0.4
snpSS00106,S104,0.4
snpSS00106,S122,0.6
snpSS00106,S146,0.3
snpSS00106,S207,0.1
snpSS00106,S23,0.7
snpSS00106,S40,0.4
snpSS00106,S68,0.3
snpSS00106,S90,0.6
snpSS00106,S106,0.4
snpSS00106,S129,0.5
snpSS00106,S150,0.4
snpSS00106,S28,0.7
snpSS00106,S43,0.5
snpSS00106,S73,0.8
snpSS00106,S93,0.3
snpSS00106,S110,0.2
snpSS00106,S130,0.5
snpSS00106,S151,0.2
snpSS00106,S215,0.6
snpSS00106,S29,0.6
snpSS00107,S2,0.1
snpSS00107,S29,0.6
snpSS00107,S45,0.4
snpSS00107,S79,0.5
snpSS00107,S96,0.6
snpSS00107,S111,0.6
snpSS00107,S153,0.5
snpSS00107,S30,0.5
snpSS00107,S46,0.5
snpSS00107,S98,0.7
snpSS00107,S112,0.3
snpSS00107,S137,1
snpSS00107,S172,0.4
snpSS00107,S4,0.3
snpSS00107,S31,0.9
snpSS00107,S48,1
snpSS00107,S99,0.8
snpSS00107,S115,0.3
snpSS00107,S139,0.9
snpSS00107,S5,0.5
snpSS00107,S34,0.4
snpSS00107,S49,0.6
snpSS00107,S102,0.4
snpSS00107,S116,0.8
snpSS00107,S143,0.6
snpSS00107,S36,0.7
snpSS00107,S53,0.8
snpSS00107,S103,0.4
snpSS00107,S119,0.2
snpSS00107,S145,0.7
snpSS00107,S38,0.9
snpSS00107,S61,0.9
snpSS00107,S104,0.9
snpSS00107,S122,0.5
snpSS00107,S146,0.6
snpSS00107,S207,0.3
snpSS00107,S23,1
snpSS00107,S40,0.7
snpSS00107,S68,0.7
snpSS00107,S90,0.6
snpSS00107,S106,0.4
snpSS00107,S129,0.8
snpSS00107,S150,0.7
snpSS00107,S28,0.7
snpSS00107,S43,0.7
snpSS00107,S73,0.7
snpSS00107,S93,0.6
snpSS00107,S110,0.6
snpSS00107,S130,0.6
snpSS00107,S151,0.3
snpSS00107,S29,0.6
snpSS00094,S2,1
snpSS00094,S29,0.6
snpSS00094,S45,0.5
snpSS00094,S79,0.5
snpSS00094,S96,0.7
snpSS00094,S111,0.7
snpSS00094,S132,1
snpSS00094,S153,0.4
snpSS00094,S3,1
snpSS00094,S30,0.3
snpSS00094,S46,0.6
snpSS00094,S98,0.3
snpSS00094,S112,0.5
snpSS00094,S137,0.5
snpSS00094,S172,0.5
snpSS00094,S4,0.1
snpSS00094,S31,0.6
snpSS00094,S48,0.5
snpSS00094,S99,0.3
snpSS00094,S115,0.4
snpSS00094,S139,0.2
snpSS00094,S5,0.3
snpSS00094,S34,0.5
snpSS00094,S49,0.4
snpSS00094,S102,0.6
snpSS00094,S116,0.6
snpSS00094,S143,0.5
snpSS00094,S36,0.4
snpSS00094,S53,0.6
snpSS00094,S103,0.4
snpSS00094,S119,0.4
snpSS00094,S145,0.7
snpSS00094,S38,0.6
snpSS00094,S61,0.4
snpSS00094,S104,0.8
snpSS00094,S122,0.6
snpSS00094,S146,0.8
snpSS00094,S207,0.5
snpSS00094,S23,0.5
snpSS00094,S40,0.7
snpSS00094,S68,0.8
snpSS00094,S90,0.1
snpSS00094,S106,0.6
snpSS00094,S129,0.3
snpSS00094,S150,0.4
snpSS00094,S28,0.4
snpSS00094,S43,0.3
snpSS00094,S73,0.5
snpSS00094,S93,0.6
snpSS00094,S110,0.9
snpSS00094,S130,0.5
snpSS00094,S151,0.4
snpSS00094,S215,0.4
snpSS00094,S29,0.6
snpSS00108,S2,0.9
snpSS00108,S29,0.1
snpSS00108,S45,0.1
snpSS00108,S79,0.2
snpSS00108,S96,0.2
snpSS00108,S111,0.2
snpSS00108,S153,0.2
snpSS00108,S30,0.3
snpSS00108,S46,0.2
snpSS00108,S98,0
snpSS00108,S112,0.3
snpSS00108,S137,0.2
snpSS00108,S172,0.6
snpSS00108,S4,0.5
snpSS00108,S31,0.1
snpSS00108,S48,0.4
snpSS00108,S99,0
snpSS00108,S115,0.2
snpSS00108,S139,0.4
snpSS00108,S5,0.1
snpSS00108,S34,0.2
snpSS00108,S49,0.1
snpSS00108,S102,0.1
snpSS00108,S116,0.3
snpSS00108,S143,0.3
snpSS00108,S36,0.1
snpSS00108,S53,0.3
snpSS00108,S103,0.6
snpSS00108,S119,0.1
snpSS00108,S145,0.3
snpSS00108,S38,0.2
snpSS00108,S61,0.2
snpSS00108,S104,0.4
snpSS00108,S122,0.1
snpSS00108,S146,0.1
snpSS00108,S207,0.3
snpSS00108,S23,0.3
snpSS00108,S40,0.2
snpSS00108,S68,0.3
snpSS00108,S90,0.3
snpSS00108,S106,0.6
snpSS00108,S129,0.2
snpSS00108,S150,0.2
snpSS00108,S28,0.2
snpSS00108,S43,0.2
snpSS00108,S73,0.4
snpSS00108,S93,0.1
snpSS00108,S110,0.4
snpSS00108,S130,0.1
snpSS00108,S151,0
snpSS00108,S215,0.3
snpSS00108,S29,0.1
snpSS00101,S2,0.9
snpSS00101,S29,0.7
snpSS00101,S45,0.7
snpSS00101,S79,0.6
snpSS00101,S96,0.4
snpSS00101,S111,0.9
snpSS00101,S132,1
snpSS00101,S153,0.6
snpSS00101,S3,1
snpSS00101,S30,0.4
snpSS00101,S46,0.6
snpSS00101,S98,0.3
snpSS00101,S112,0.8
snpSS00101,S137,0.2
snpSS00101,S172,0.5
snpSS00101,S4,0.5
snpSS00101,S31,0.6
snpSS00101,S48,0.4
snpSS00101,S99,0.5
snpSS00101,S115,0.6
snpSS00101,S139,0.7
snpSS00101,S5,0.4
snpSS00101,S34,0.4
snpSS00101,S49,0.4
snpSS00101,S102,0.7
snpSS00101,S116,0.6
snpSS00101,S143,0.4
snpSS00101,S36,0.5
snpSS00101,S53,0.4
snpSS00101,S103,0.8
snpSS00101,S119,0.5
snpSS00101,S145,0.7
snpSS00101,S38,0.5
snpSS00101,S61,0.3
snpSS00101,S104,0.7
snpSS00101,S122,0.7
snpSS00101,S146,0.5
snpSS00101,S207,0.3
snpSS00101,S23,0.4
snpSS00101,S40,0.5
snpSS00101,S68,0.5
snpSS00101,S90,0.5
snpSS00101,S106,0.9
snpSS00101,S129,0.6
snpSS00101,S150,0.5
snpSS00101,S28,0.7
snpSS00101,S43,0.7
snpSS00101,S73,0.9
snpSS00101,S93,0.5
snpSS00101,S110,1
snpSS00101,S130,0.4
snpSS00101,S151,0.2
snpSS00101,S215,0.5
snpSS00101,S29,0.7
snpSS00110,S2,0.6
snpSS00110,S2,0.6
snpSS00110,S2,0.6
snpSS00110,S2,0.6
snpSS00110,S29,0.4
snpSS00110,S29,0.4
snpSS00110,S29,0.4
snpSS00110,S29,0.4
snpSS00110,S45,0.5
snpSS00110,S45,0.5
snpSS00110,S45,0.5
snpSS00110,S45,0.5
snpSS00110,S79,0.5
snpSS00110,S79,0.5
snpSS00110,S79,0.5
snpSS00110,S79,0.5
snpSS00110,S96,0.4
snpSS00110,S96,0.4
snpSS00110,S96,0.4
snpSS00110,S96,0.4
snpSS00110,S111,0.4
snpSS00110,S111,0.4
snpSS00110,S111,0.4
snpSS00110,S111,0.4
snpSS00110,S132,1
snpSS00110,S153,0.2
snpSS00110,S153,0.2
snpSS00110,S153,0.2
snpSS00110,S153,0.2
snpSS00110,S3,1
snpSS00110,S3,1
snpSS00110,S3,1
snpSS00110,S3,1
snpSS00110,S30,0.4
snpSS00110,S30,0.4
snpSS00110,S30,0.4
snpSS00110,S30,0.4
snpSS00110,S46,0.4
snpSS00110,S46,0.4
snpSS00110,S46,0.4
snpSS00110,S46,0.4
snpSS00110,S98,0.5
snpSS00110,S98,0.5
snpSS00110,S98,0.5
snpSS00110,S98,0.5
snpSS00110,S112,0.3
snpSS00110,S112,0.3
snpSS00110,S112,0.3
snpSS00110,S112,0.3
snpSS00110,S137,0.5
snpSS00110,S137,0.5
snpSS00110,S137,0.5
snpSS00110,S137,0.5
snpSS00110,S172,0.4
snpSS00110,S172,0.4
snpSS00110,S172,0.4
snpSS00110,S172,0.4
snpSS00110,S4,0.4
snpSS00110,S4,0.4
snpSS00110,S4,0.4
snpSS00110,S4,0.4
snpSS00110,S31,0.3
snpSS00110,S31,0.3
snpSS00110,S31,0.3
snpSS00110,S31,0.3
snpSS00110,S48,0.5
snpSS00110,S48,0.5
snpSS00110,S48,0.5
snpSS00110,S48,0.5
snpSS00110,S99,0.2
snpSS00110,S99,0.2
snpSS00110,S99,0.2
snpSS00110,S99,0.2
snpSS00110,S115,0.6
snpSS00110,S115,0.6
snpSS00110,S115,0.6
snpSS00110,S115,0.6
snpSS00110,S139,0.5
snpSS00110,S139,0.5
snpSS00110,S139,0.5
snpSS00110,S139,0.5
snpSS00110,S5,0.4
snpSS00110,S5,0.4
snpSS00110,S5,0.4
snpSS00110,S5,0.4
snpSS00110,S34,0.5
snpSS00110,S34,0.5
snpSS00110,S34,0.5
snpSS00110,S34,0.5
snpSS00110,S49,0.3
snpSS00110,S49,0.3
snpSS00110,S49,0.3
snpSS00110,S49,0.3
snpSS00110,S102,0.3
snpSS00110,S102,0.3
snpSS00110,S102,0.3
snpSS00110,S102,0.3
snpSS00110,S116,0.6
snpSS00110,S116,0.6
snpSS00110,S116,0.6
snpSS00110,S116,0.6
snpSS00110,S143,0.7
snpSS00110,S143,0.7
snpSS00110,S143,0.7
snpSS00110,S143,0.7
snpSS00110,S36,0.5
snpSS00110,S36,0.5
snpSS00110,S36,0.5
snpSS00110,S36,0.5
snpSS00110,S53,0.6
snpSS00110,S53,0.6
snpSS00110,S53,0.6
snpSS00110,S53,0.6
snpSS00110,S103,0.9
snpSS00110,S103,0.9
snpSS00110,S103,0.9
snpSS00110,S103,0.9
snpSS00110,S119,0.6
snpSS00110,S119,0.6
snpSS00110,S119,0.6
snpSS00110,S119,0.6
snpSS00110,S145,0.7
snpSS00110,S145,0.7
snpSS00110,S145,0.7
snpSS00110,S145,0.7
snpSS00110,S38,0.4
snpSS00110,S38,0.4
snpSS00110,S38,0.4
snpSS00110,S38,0.4
snpSS00110,S61,0.5
snpSS00110,S61,0.5
snpSS00110,S61,0.5
snpSS00110,S61,0.5
snpSS00110,S104,1
snpSS00110,S104,1
snpSS00110,S104,1
snpSS00110,S104,1
snpSS00110,S122,0.6
snpSS00110,S122,0.6
snpSS00110,S122,0.6
snpSS00110,S122,0.6
snpSS00110,S146,0.4
snpSS00110,S146,0.4
snpSS00110,S146,0.4
snpSS00110,S146,0.4
snpSS00110,S207,0.5
snpSS00110,S207,0.5
snpSS00110,S207,0.5
snpSS00110,S207,0.5
snpSS00110,S23,0.7
snpSS00110,S23,0.7
snpSS00110,S23,0.7
snpSS00110,S23,0.7
snpSS00110,S40,0.6
snpSS00110,S40,0.6
snpSS00110,S40,0.6
snpSS00110,S40,0.6
snpSS00110,S68,0.6
snpSS00110,S68,0.6
snpSS00110,S68,0.6
snpSS00110,S68,0.6
snpSS00110,S90,0.5
snpSS00110,S90,0.5
snpSS00110,S90,0.5
snpSS00110,S90,0.5
snpSS00110,S106,0.6
snpSS00110,S106,0.6
snpSS00110,S106,0.6
snpSS00110,S106,0.6
snpSS00110,S129,0.4
snpSS00110,S129,0.4
snpSS00110,S129,0.4
snpSS00110,S129,0.4
snpSS00110,S150,0.7
snpSS00110,S150,0.7
snpSS00110,S150,0.7
snpSS00110,S150,0.7
snpSS00110,S28,0.5
snpSS00110,S28,0.5
snpSS00110,S28,0.5
snpSS00110,S28,0.5
snpSS00110,S43,0.3
snpSS00110,S43,0.3
snpSS00110,S43,0.3
snpSS00110,S43,0.3
snpSS00110,S73,0.6
snpSS00110,S73,0.6
snpSS00110,S73,0.6
snpSS00110,S73,0.6
snpSS00110,S93,0.4
snpSS00110,S93,0.4
snpSS00110,S93,0.4
snpSS00110,S93,0.4
snpSS00110,S110,0.5
snpSS00110,S110,0.5
snpSS00110,S110,0.5
snpSS00110,S110,0.5
snpSS00110,S130,0.7
snpSS00110,S130,0.7
snpSS00110,S130,0.7
snpSS00110,S130,0.7
snpSS00110,S151,0.4
snpSS00110,S151,0.4
snpSS00110,S151,0.4
snpSS00110,S151,0.4
snpSS00110,S215,0.4
snpSS00110,S215,0.4
snpSS00110,S215,0.4
snpSS00110,S215,0.4
snpSS00110,S29,0.4
snpSS00110,S29,0.4
snpSS00110,S29,0.4
snpSS00110,S29,0.4
snpSS00103,S2,0.3
snpSS00103,S29,0.4
snpSS00103,S45,0.4
snpSS00103,S79,0.4
snpSS00103,S96,0.4
snpSS00103,S111,0.2
snpSS00103,S132,0.2
snpSS00103,S153,0.3
snpSS00103,S3,0.2
snpSS00103,S30,0.3
snpSS00103,S46,0.4
snpSS00103,S98,0.4
snpSS00103,S112,0.4
snpSS00103,S137,0.2
snpSS00103,S172,0.3
snpSS00103,S4,0.5
snpSS00103,S31,0.2
snpSS00103,S48,0.7
snpSS00103,S99,0.4
snpSS00103,S115,0.3
snpSS00103,S5,0.3
snpSS00103,S34,0.4
snpSS00103,S49,0.6
snpSS00103,S102,0.4
snpSS00103,S116,0.5
snpSS00103,S143,0.4
snpSS00103,S36,0.2
snpSS00103,S53,0.3
snpSS00103,S103,0.3
snpSS00103,S119,0.4
snpSS00103,S145,0.2
snpSS00103,S38,0.2
snpSS00103,S61,0.4
snpSS00103,S122,0.4
snpSS00103,S146,0.4
snpSS00103,S207,0.5
snpSS00103,S23,0.2
snpSS00103,S40,0.2
snpSS00103,S68,0.5
snpSS00103,S90,0.4
snpSS00103,S106,0.3
snpSS00103,S129,0.2
snpSS00103,S150,0.5
snpSS00103,S28,0.4
snpSS00103,S43,0.3
snpSS00103,S73,0.3
snpSS00103,S93,0.6
snpSS00103,S110,0.4
snpSS00103,S130,0.3
snpSS00103,S151,0.2
snpSS00103,S215,0.6
snpSS00103,S29,0.4
snpSS00113,S2,0.9
snpSS00113,S29,0.6
snpSS00113,S45,0.2
snpSS00113,S79,0.9
snpSS00113,S96,0.7
snpSS00113,S111,0.6
snpSS00113,S153,0.3
snpSS00113,S30,0.5
snpSS00113,S46,0.4
snpSS00113,S98,0.2
snpSS00113,S112,0.7
snpSS00113,S137,0.7
snpSS00113,S172,0
snpSS00113,S4,0.4
snpSS00113,S31,0.7
snpSS00113,S48,0.7
snpSS00113,S99,0.6
snpSS00113,S115,0.7
snpSS00113,S139,0.3
snpSS00113,S5,0.6
snpSS00113,S49,0.6
snpSS00113,S102,0.8
snpSS00113,S116,0.5
snpSS00113,S143,0.8
snpSS00113,S36,0.6
snpSS00113,S53,0.4
snpSS00113,S103,0.6
snpSS00113,S119,0.7
snpSS00113,S145,0.5
snpSS00113,S61,0.8
snpSS00113,S104,0.7
snpSS00113,S122,0.2
snpSS00113,S146,0.4
snpSS00113,S207,0.9
snpSS00113,S23,0.6
snpSS00113,S40,0.6
snpSS00113,S68,0.7
snpSS00113,S90,0.7
snpSS00113,S106,0.5
snpSS00113,S129,0.6
snpSS00113,S150,0.5
snpSS00113,S28,0.6
snpSS00113,S43,0.7
snpSS00113,S73,1
snpSS00113,S93,0.5
snpSS00113,S110,0.9
snpSS00113,S130,0.4
snpSS00113,S151,0.8
snpSS00113,S215,0.5
snpSS00113,S29,0.6
snpSS00114,S29,0.8
snpSS00114,S45,0.2
snpSS00114,S79,0.3
snpSS00114,S96,0.4
snpSS00114,S111,0.7
snpSS00114,S153,0.8
snpSS00114,S30,0.5
snpSS00114,S46,0.4
snpSS00114,S98,0.7
snpSS00114,S112,0.1
snpSS00114,S137,0.5
snpSS00114,S172,0.8
snpSS00114,S4,0.7
snpSS00114,S31,0.5
snpSS00114,S48,0.5
snpSS00114,S99,0.4
snpSS00114,S115,0.3
snpSS00114,S139,0.4
snpSS00114,S5,0.4
snpSS00114,S34,0.5
snpSS00114,S49,0.7
snpSS00114,S102,0.3
snpSS00114,S116,0.6
snpSS00114,S143,0.9
snpSS00114,S36,0.3
snpSS00114,S53,0.6
snpSS00114,S103,0.5
snpSS00114,S119,0.5
snpSS00114,S145,0.3
snpSS00114,S38,0.8
snpSS00114,S61,0.6
snpSS00114,S104,0.8
snpSS00114,S122,0.9
snpSS00114,S146,0.5
snpSS00114,S207,0.6
snpSS00114,S23,0.2
snpSS00114,S40,0.3
snpSS00114,S68,0.9
snpSS00114,S90,0.5
snpSS00114,S106,0.5
snpSS00114,S129,0.6
snpSS00114,S150,0.5
snpSS00114,S28,0.9
snpSS00114,S43,0.7
snpSS00114,S93,0.7
snpSS00114,S110,0.8
snpSS00114,S130,0.4
snpSS00114,S215,0.4
snpSS00114,S29,0.8
snpSS00111,S2,1
snpSS00111,S29,0.2
snpSS00111,S45,0.6
snpSS00111,S79,0.3
snpSS00111,S96,0.5
snpSS00111,S111,0.4
snpSS00111,S153,0.5
snpSS00111,S30,0.4
snpSS00111,S46,0.5
snpSS00111,S98,0.5
snpSS00111,S112,0.5
snpSS00111,S137,0.4
snpSS00111,S172,0.3
snpSS00111,S4,0.5
snpSS00111,S31,0.4
snpSS00111,S48,0.4
snpSS00111,S99,0.7
snpSS00111,S115,0.2
snpSS00111,S139,0.8
snpSS00111,S5,0.5
snpSS00111,S34,0.7
snpSS00111,S49,0.4
snpSS00111,S102,0.2
snpSS00111,S116,0.3
snpSS00111,S143,0.5
snpSS00111,S36,0.9
snpSS00111,S53,0.5
snpSS00111,S103,0.5
snpSS00111,S119,0.2
snpSS00111,S145,0.3
snpSS00111,S38,0.4
snpSS00111,S61,0.6
snpSS00111,S104,0.2
snpSS00111,S122,0.5
snpSS00111,S146,0.5
snpSS00111,S207,0.3
snpSS00111,S23,0.6
snpSS00111,S40,0.7
snpSS00111,S68,0.7
snpSS00111,S90,0.6
snpSS00111,S106,0.7
snpSS00111,S129,0.2
snpSS00111,S150,0.5
snpSS00111,S28,0.3
snpSS00111,S43,0.5
snpSS00111,S73,0.7
snpSS00111,S93,0.2
snpSS00111,S110,0.8
snpSS00111,S130,0.5
snpSS00111,S151,0.4
snpSS00111,S215,0.5
snpSS00111,S29,0.2
snpSS00112,S2,0.7
snpSS00112,S29,0.7
snpSS00112,S45,0.3
snpSS00112,S79,0.2
snpSS00112,S96,0.5
snpSS00112,S111,0
snpSS00112,S153,0.8
snpSS00112,S30,0.4
snpSS00112,S46,0.5
snpSS00112,S98,0.7
snpSS00112,S112,0.6
snpSS00112,S137,0.6
snpSS00112,S172,0.8
snpSS00112,S4,0.6
snpSS00112,S31,0.5
snpSS00112,S48,0.8
snpSS00112,S99,0.6
snpSS00112,S115,0.5
snpSS00112,S139,0.7
snpSS00112,S5,0.2
snpSS00112,S34,0.2
snpSS00112,S49,0.3
snpSS00112,S102,0.7
snpSS00112,S116,0.3
snpSS00112,S143,0.5
snpSS00112,S36,0.5
snpSS00112,S53,0.5
snpSS00112,S103,0.1
snpSS00112,S119,0.6
snpSS00112,S145,0.8
snpSS00112,S38,0.3
snpSS00112,S61,0.2
snpSS00112,S104,0.3
snpSS00112,S122,0.4
snpSS00112,S146,0.7
snpSS00112,S207,0.5
snpSS00112,S23,0.7
snpSS00112,S40,0.4
snpSS00112,S68,0.7
snpSS00112,S90,0.3
snpSS00112,S106,0.2
snpSS00112,S129,0.2
snpSS00112,S150,0.6
snpSS00112,S28,0.6
snpSS00112,S43,0.6
snpSS00112,S73,0.7
snpSS00112,S93,0.7
snpSS00112,S110,0.1
snpSS00112,S130,0.6
snpSS00112,S151,0.5
snpSS00112,S215,0.2
snpSS00112,S29,0.7
snpSS00122,S2,0.9
snpSS00122,S2,0.9
snpSS00122,S29,0.6
snpSS00122,S29,0.6
snpSS00122,S45,0.5
snpSS00122,S45,0.5
snpSS00122,S79,0.6
snpSS00122,S79,0.6
snpSS00122,S96,0.6
snpSS00122,S96,0.6
snpSS00122,S111,1
snpSS00122,S111,1
snpSS00122,S132,1
snpSS00122,S132,1
snpSS00122,S153,0.6
snpSS00122,S153,0.6
snpSS00122,S3,1
snpSS00122,S3,1
snpSS00122,S30,0.5
snpSS00122,S30,0.5
snpSS00122,S46,0.6
snpSS00122,S46,0.6
snpSS00122,S98,0.6
snpSS00122,S98,0.6
snpSS00122,S112,0.8
snpSS00122,S112,0.8
snpSS00122,S137,0.7
snpSS00122,S137,0.7
snpSS00122,S172,0.7
snpSS00122,S172,0.7
snpSS00122,S4,0.6
snpSS00122,S4,0.6
snpSS00122,S31,0.4
snpSS00122,S31,0.4
snpSS00122,S48,0.5
snpSS00122,S48,0.5
snpSS00122,S99,0.5
snpSS00122,S99,0.5
snpSS00122,S115,0.8
snpSS00122,S115,0.8
snpSS00122,S139,0.6
snpSS00122,S139,0.6
snpSS00122,S5,0.6
snpSS00122,S5,0.6
snpSS00122,S34,0.7
snpSS00122,S34,0.7
snpSS00122,S49,0.5
snpSS00122,S49,0.5
snpSS00122,S102,0.5
snpSS00122,S102,0.5
snpSS00122,S116,0.7
snpSS00122,S116,0.7
snpSS00122,S143,0.6
snpSS00122,S143,0.6
snpSS00122,S36,0.7
snpSS00122,S36,0.7
snpSS00122,S53,0.5
snpSS00122,S53,0.5
snpSS00122,S103,0.8
snpSS00122,S103,0.8
snpSS00122,S119,0.5
snpSS00122,S119,0.5
snpSS00122,S145,0.8
snpSS00122,S145,0.8
snpSS00122,S38,0.7
snpSS00122,S38,0.7
snpSS00122,S61,0.5
snpSS00122,S61,0.5
snpSS00122,S104,0.8
snpSS00122,S104,0.8
snpSS00122,S122,0.5
snpSS00122,S122,0.5
snpSS00122,S146,0.7
snpSS00122,S146,0.7
snpSS00122,S207,0.8
snpSS00122,S207,0.8
snpSS00122,S23,0.7
snpSS00122,S23,0.7
snpSS00122,S40,0.9
snpSS00122,S40,0.9
snpSS00122,S68,0.6
snpSS00122,S68,0.6
snpSS00122,S90,0.4
snpSS00122,S90,0.4
snpSS00122,S106,0.7
snpSS00122,S106,0.7
snpSS00122,S129,0.4
snpSS00122,S129,0.4
snpSS00122,S150,0.7
snpSS00122,S150,0.7
snpSS00122,S28,0.5
snpSS00122,S28,0.5
snpSS00122,S43,0.6
snpSS00122,S43,0.6
snpSS00122,S73,0.2
snpSS00122,S73,0.2
snpSS00122,S93,0.8
snpSS00122,S93,0.8
snpSS00122,S110,1
snpSS00122,S110,1
snpSS00122,S130,0.8
snpSS00122,S130,0.8
snpSS00122,S151,0.7
snpSS00122,S151,0.7
snpSS00122,S215,0.6
snpSS00122,S215,0.6
snpSS00122,S29,0.6
snpSS00122,S29,0.6
snpSS00087,S2,0.3
snpSS00087,S29,0.3
snpSS00087,S45,0.2
snpSS00087,S79,0.2
snpSS00087,S96,0.5
snpSS00087,S111,0.3
snpSS00087,S153,0.3
snpSS00087,S30,0.2
snpSS00087,S46,0.4
snpSS00087,S98,0.4
snpSS00087,S112,0.2
snpSS00087,S137,0.5
snpSS00087,S172,0.5
snpSS00087,S4,0.4
snpSS00087,S31,0.3
snpSS00087,S48,0.1
snpSS00087,S99,0.3
snpSS00087,S115,0.2
snpSS00087,S139,0.2
snpSS00087,S5,0.5
snpSS00087,S34,0.1
snpSS00087,S49,0.1
snpSS00087,S102,0.6
snpSS00087,S116,0.3
snpSS00087,S143,0.4
snpSS00087,S36,0.2
snpSS00087,S53,0.2
snpSS00087,S103,0.4
snpSS00087,S119,0.2
snpSS00087,S145,0.2
snpSS00087,S38,0.2
snpSS00087,S61,0.3
snpSS00087,S104,0.5
snpSS00087,S122,0.4
snpSS00087,S146,0.1
snpSS00087,S207,0.2
snpSS00087,S23,0.3
snpSS00087,S40,0.2
snpSS00087,S68,0.5
snpSS00087,S90,0.3
snpSS00087,S106,0.4
snpSS00087,S129,0.3
snpSS00087,S150,0.3
snpSS00087,S28,0.3
snpSS00087,S43,0.3
snpSS00087,S73,0.2
snpSS00087,S93,0.3
snpSS00087,S110,0.3
snpSS00087,S130,0.3
snpSS00087,S151,0.2
snpSS00087,S215,0.6
snpSS00087,S29,0.3
